--
-- PostgreSQL database dump
--

-- Dumped from database version 15.13 (Debian 15.13-1.pgdg120+1)
-- Dumped by pg_dump version 17.5 (Debian 17.5-1)

SET statement_timeout = 0;
SET lock_timeout = 0;
SET idle_in_transaction_session_timeout = 0;
SET transaction_timeout = 0;
SET client_encoding = 'UTF8';
SET standard_conforming_strings = on;
SELECT pg_catalog.set_config('search_path', '', false);
SET check_function_bodies = false;
SET xmloption = content;
SET client_min_messages = warning;
SET row_security = off;

SET default_tablespace = '';

SET default_table_access_method = heap;

--
-- Name: auth_group; Type: TABLE; Schema: public; Owner: banister_user
--

CREATE TABLE public.auth_group (
    id integer NOT NULL,
    name character varying(150) NOT NULL
);


ALTER TABLE public.auth_group OWNER TO banister_user;

--
-- Name: auth_group_id_seq; Type: SEQUENCE; Schema: public; Owner: banister_user
--

ALTER TABLE public.auth_group ALTER COLUMN id ADD GENERATED BY DEFAULT AS IDENTITY (
    SEQUENCE NAME public.auth_group_id_seq
    START WITH 1
    INCREMENT BY 1
    NO MINVALUE
    NO MAXVALUE
    CACHE 1
);


--
-- Name: auth_group_permissions; Type: TABLE; Schema: public; Owner: banister_user
--

CREATE TABLE public.auth_group_permissions (
    id bigint NOT NULL,
    group_id integer NOT NULL,
    permission_id integer NOT NULL
);


ALTER TABLE public.auth_group_permissions OWNER TO banister_user;

--
-- Name: auth_group_permissions_id_seq; Type: SEQUENCE; Schema: public; Owner: banister_user
--

ALTER TABLE public.auth_group_permissions ALTER COLUMN id ADD GENERATED BY DEFAULT AS IDENTITY (
    SEQUENCE NAME public.auth_group_permissions_id_seq
    START WITH 1
    INCREMENT BY 1
    NO MINVALUE
    NO MAXVALUE
    CACHE 1
);


--
-- Name: auth_permission; Type: TABLE; Schema: public; Owner: banister_user
--

CREATE TABLE public.auth_permission (
    id integer NOT NULL,
    name character varying(255) NOT NULL,
    content_type_id integer NOT NULL,
    codename character varying(100) NOT NULL
);


ALTER TABLE public.auth_permission OWNER TO banister_user;

--
-- Name: auth_permission_id_seq; Type: SEQUENCE; Schema: public; Owner: banister_user
--

ALTER TABLE public.auth_permission ALTER COLUMN id ADD GENERATED BY DEFAULT AS IDENTITY (
    SEQUENCE NAME public.auth_permission_id_seq
    START WITH 1
    INCREMENT BY 1
    NO MINVALUE
    NO MAXVALUE
    CACHE 1
);


--
-- Name: authentication_adminpermission; Type: TABLE; Schema: public; Owner: banister_user
--

CREATE TABLE public.authentication_adminpermission (
    id bigint NOT NULL,
    permission_name character varying(100) NOT NULL,
    can_access boolean NOT NULL,
    admin_user_id bigint NOT NULL
);


ALTER TABLE public.authentication_adminpermission OWNER TO banister_user;

--
-- Name: authentication_adminpermission_id_seq; Type: SEQUENCE; Schema: public; Owner: banister_user
--

ALTER TABLE public.authentication_adminpermission ALTER COLUMN id ADD GENERATED BY DEFAULT AS IDENTITY (
    SEQUENCE NAME public.authentication_adminpermission_id_seq
    START WITH 1
    INCREMENT BY 1
    NO MINVALUE
    NO MAXVALUE
    CACHE 1
);


--
-- Name: bookings_booking; Type: TABLE; Schema: public; Owner: banister_user
--

CREATE TABLE public.bookings_booking (
    id bigint NOT NULL,
    created_at timestamp with time zone NOT NULL,
    location character varying(255),
    preferred_date date,
    preferred_time time without time zone,
    frequency character varying(20) NOT NULL,
    scheduled_datetime timestamp with time zone,
    status character varying(20) NOT NULL,
    notes text,
    total_price numeric(10,2),
    google_calendar_event_id character varying(255),
    calendar_invitations_sent boolean NOT NULL,
    calendar_sent_at timestamp with time zone,
    customer_id bigint NOT NULL,
    provider_id bigint NOT NULL,
    service_id bigint NOT NULL
);


ALTER TABLE public.bookings_booking OWNER TO banister_user;

--
-- Name: bookings_booking_id_seq; Type: SEQUENCE; Schema: public; Owner: banister_user
--

ALTER TABLE public.bookings_booking ALTER COLUMN id ADD GENERATED BY DEFAULT AS IDENTITY (
    SEQUENCE NAME public.bookings_booking_id_seq
    START WITH 1
    INCREMENT BY 1
    NO MINVALUE
    NO MAXVALUE
    CACHE 1
);


--
-- Name: dashboard_customerdashboard; Type: TABLE; Schema: public; Owner: banister_user
--

CREATE TABLE public.dashboard_customerdashboard (
    id bigint NOT NULL,
    calendar_view_type character varying(20) NOT NULL,
    email_notifications boolean NOT NULL,
    sms_notifications boolean NOT NULL,
    vacation_mode boolean NOT NULL,
    vacation_start date,
    vacation_end date,
    created_at timestamp with time zone NOT NULL,
    updated_at timestamp with time zone NOT NULL,
    user_id bigint NOT NULL
);


ALTER TABLE public.dashboard_customerdashboard OWNER TO banister_user;

--
-- Name: dashboard_customerdashboard_id_seq; Type: SEQUENCE; Schema: public; Owner: banister_user
--

ALTER TABLE public.dashboard_customerdashboard ALTER COLUMN id ADD GENERATED BY DEFAULT AS IDENTITY (
    SEQUENCE NAME public.dashboard_customerdashboard_id_seq
    START WITH 1
    INCREMENT BY 1
    NO MINVALUE
    NO MAXVALUE
    CACHE 1
);


--
-- Name: dashboard_issue; Type: TABLE; Schema: public; Owner: banister_user
--

CREATE TABLE public.dashboard_issue (
    id bigint NOT NULL,
    title character varying(255) NOT NULL,
    description text NOT NULL,
    status character varying(20) NOT NULL,
    priority character varying(20) NOT NULL,
    created_at timestamp with time zone NOT NULL,
    updated_at timestamp with time zone NOT NULL,
    resolved_at timestamp with time zone,
    assigned_to_id bigint,
    reported_by_id bigint NOT NULL
);


ALTER TABLE public.dashboard_issue OWNER TO banister_user;

--
-- Name: dashboard_issue_id_seq; Type: SEQUENCE; Schema: public; Owner: banister_user
--

ALTER TABLE public.dashboard_issue ALTER COLUMN id ADD GENERATED BY DEFAULT AS IDENTITY (
    SEQUENCE NAME public.dashboard_issue_id_seq
    START WITH 1
    INCREMENT BY 1
    NO MINVALUE
    NO MAXVALUE
    CACHE 1
);


--
-- Name: dashboard_managementdashboard; Type: TABLE; Schema: public; Owner: banister_user
--

CREATE TABLE public.dashboard_managementdashboard (
    id bigint NOT NULL,
    total_customers_managed integer NOT NULL,
    total_issues_resolved integer NOT NULL,
    total_issues_pending integer NOT NULL,
    default_customer_filter character varying(20) NOT NULL,
    issue_notifications boolean NOT NULL,
    customer_notifications boolean NOT NULL,
    created_at timestamp with time zone NOT NULL,
    updated_at timestamp with time zone NOT NULL,
    user_id bigint NOT NULL
);


ALTER TABLE public.dashboard_managementdashboard OWNER TO banister_user;

--
-- Name: dashboard_managementdashboard_id_seq; Type: SEQUENCE; Schema: public; Owner: banister_user
--

ALTER TABLE public.dashboard_managementdashboard ALTER COLUMN id ADD GENERATED BY DEFAULT AS IDENTITY (
    SEQUENCE NAME public.dashboard_managementdashboard_id_seq
    START WITH 1
    INCREMENT BY 1
    NO MINVALUE
    NO MAXVALUE
    CACHE 1
);


--
-- Name: dashboard_providerdashboard; Type: TABLE; Schema: public; Owner: banister_user
--

CREATE TABLE public.dashboard_providerdashboard (
    id bigint NOT NULL,
    calendar_view_type character varying(20) NOT NULL,
    working_hours_start time without time zone NOT NULL,
    working_hours_end time without time zone NOT NULL,
    commission_rate numeric(5,2) NOT NULL,
    total_earnings numeric(10,2) NOT NULL,
    email_notifications boolean NOT NULL,
    sms_notifications boolean NOT NULL,
    vacation_mode boolean NOT NULL,
    vacation_start date,
    vacation_end date,
    created_at timestamp with time zone NOT NULL,
    updated_at timestamp with time zone NOT NULL,
    user_id bigint NOT NULL
);


ALTER TABLE public.dashboard_providerdashboard OWNER TO banister_user;

--
-- Name: dashboard_providerdashboard_id_seq; Type: SEQUENCE; Schema: public; Owner: banister_user
--

ALTER TABLE public.dashboard_providerdashboard ALTER COLUMN id ADD GENERATED BY DEFAULT AS IDENTITY (
    SEQUENCE NAME public.dashboard_providerdashboard_id_seq
    START WITH 1
    INCREMENT BY 1
    NO MINVALUE
    NO MAXVALUE
    CACHE 1
);


--
-- Name: django_admin_log; Type: TABLE; Schema: public; Owner: banister_user
--

CREATE TABLE public.django_admin_log (
    id integer NOT NULL,
    action_time timestamp with time zone NOT NULL,
    object_id text,
    object_repr character varying(200) NOT NULL,
    action_flag smallint NOT NULL,
    change_message text NOT NULL,
    content_type_id integer,
    user_id bigint NOT NULL,
    CONSTRAINT django_admin_log_action_flag_check CHECK ((action_flag >= 0))
);


ALTER TABLE public.django_admin_log OWNER TO banister_user;

--
-- Name: django_admin_log_id_seq; Type: SEQUENCE; Schema: public; Owner: banister_user
--

ALTER TABLE public.django_admin_log ALTER COLUMN id ADD GENERATED BY DEFAULT AS IDENTITY (
    SEQUENCE NAME public.django_admin_log_id_seq
    START WITH 1
    INCREMENT BY 1
    NO MINVALUE
    NO MAXVALUE
    CACHE 1
);


--
-- Name: django_celery_beat_clockedschedule; Type: TABLE; Schema: public; Owner: banister_user
--

CREATE TABLE public.django_celery_beat_clockedschedule (
    id integer NOT NULL,
    clocked_time timestamp with time zone NOT NULL
);


ALTER TABLE public.django_celery_beat_clockedschedule OWNER TO banister_user;

--
-- Name: django_celery_beat_clockedschedule_id_seq; Type: SEQUENCE; Schema: public; Owner: banister_user
--

ALTER TABLE public.django_celery_beat_clockedschedule ALTER COLUMN id ADD GENERATED BY DEFAULT AS IDENTITY (
    SEQUENCE NAME public.django_celery_beat_clockedschedule_id_seq
    START WITH 1
    INCREMENT BY 1
    NO MINVALUE
    NO MAXVALUE
    CACHE 1
);


--
-- Name: django_celery_beat_crontabschedule; Type: TABLE; Schema: public; Owner: banister_user
--

CREATE TABLE public.django_celery_beat_crontabschedule (
    id integer NOT NULL,
    minute character varying(240) NOT NULL,
    hour character varying(96) NOT NULL,
    day_of_week character varying(64) NOT NULL,
    day_of_month character varying(124) NOT NULL,
    month_of_year character varying(64) NOT NULL,
    timezone character varying(63) NOT NULL
);


ALTER TABLE public.django_celery_beat_crontabschedule OWNER TO banister_user;

--
-- Name: django_celery_beat_crontabschedule_id_seq; Type: SEQUENCE; Schema: public; Owner: banister_user
--

ALTER TABLE public.django_celery_beat_crontabschedule ALTER COLUMN id ADD GENERATED BY DEFAULT AS IDENTITY (
    SEQUENCE NAME public.django_celery_beat_crontabschedule_id_seq
    START WITH 1
    INCREMENT BY 1
    NO MINVALUE
    NO MAXVALUE
    CACHE 1
);


--
-- Name: django_celery_beat_intervalschedule; Type: TABLE; Schema: public; Owner: banister_user
--

CREATE TABLE public.django_celery_beat_intervalschedule (
    id integer NOT NULL,
    every integer NOT NULL,
    period character varying(24) NOT NULL
);


ALTER TABLE public.django_celery_beat_intervalschedule OWNER TO banister_user;

--
-- Name: django_celery_beat_intervalschedule_id_seq; Type: SEQUENCE; Schema: public; Owner: banister_user
--

ALTER TABLE public.django_celery_beat_intervalschedule ALTER COLUMN id ADD GENERATED BY DEFAULT AS IDENTITY (
    SEQUENCE NAME public.django_celery_beat_intervalschedule_id_seq
    START WITH 1
    INCREMENT BY 1
    NO MINVALUE
    NO MAXVALUE
    CACHE 1
);


--
-- Name: django_celery_beat_periodictask; Type: TABLE; Schema: public; Owner: banister_user
--

CREATE TABLE public.django_celery_beat_periodictask (
    id integer NOT NULL,
    name character varying(200) NOT NULL,
    task character varying(200) NOT NULL,
    args text NOT NULL,
    kwargs text NOT NULL,
    queue character varying(200),
    exchange character varying(200),
    routing_key character varying(200),
    expires timestamp with time zone,
    enabled boolean NOT NULL,
    last_run_at timestamp with time zone,
    total_run_count integer NOT NULL,
    date_changed timestamp with time zone NOT NULL,
    description text NOT NULL,
    crontab_id integer,
    interval_id integer,
    solar_id integer,
    one_off boolean NOT NULL,
    start_time timestamp with time zone,
    priority integer,
    headers text NOT NULL,
    clocked_id integer,
    expire_seconds integer,
    CONSTRAINT django_celery_beat_periodictask_expire_seconds_check CHECK ((expire_seconds >= 0)),
    CONSTRAINT django_celery_beat_periodictask_priority_check CHECK ((priority >= 0)),
    CONSTRAINT django_celery_beat_periodictask_total_run_count_check CHECK ((total_run_count >= 0))
);


ALTER TABLE public.django_celery_beat_periodictask OWNER TO banister_user;

--
-- Name: django_celery_beat_periodictask_id_seq; Type: SEQUENCE; Schema: public; Owner: banister_user
--

ALTER TABLE public.django_celery_beat_periodictask ALTER COLUMN id ADD GENERATED BY DEFAULT AS IDENTITY (
    SEQUENCE NAME public.django_celery_beat_periodictask_id_seq
    START WITH 1
    INCREMENT BY 1
    NO MINVALUE
    NO MAXVALUE
    CACHE 1
);


--
-- Name: django_celery_beat_periodictasks; Type: TABLE; Schema: public; Owner: banister_user
--

CREATE TABLE public.django_celery_beat_periodictasks (
    ident smallint NOT NULL,
    last_update timestamp with time zone NOT NULL
);


ALTER TABLE public.django_celery_beat_periodictasks OWNER TO banister_user;

--
-- Name: django_celery_beat_solarschedule; Type: TABLE; Schema: public; Owner: banister_user
--

CREATE TABLE public.django_celery_beat_solarschedule (
    id integer NOT NULL,
    event character varying(24) NOT NULL,
    latitude numeric(9,6) NOT NULL,
    longitude numeric(9,6) NOT NULL
);


ALTER TABLE public.django_celery_beat_solarschedule OWNER TO banister_user;

--
-- Name: django_celery_beat_solarschedule_id_seq; Type: SEQUENCE; Schema: public; Owner: banister_user
--

ALTER TABLE public.django_celery_beat_solarschedule ALTER COLUMN id ADD GENERATED BY DEFAULT AS IDENTITY (
    SEQUENCE NAME public.django_celery_beat_solarschedule_id_seq
    START WITH 1
    INCREMENT BY 1
    NO MINVALUE
    NO MAXVALUE
    CACHE 1
);


--
-- Name: django_content_type; Type: TABLE; Schema: public; Owner: banister_user
--

CREATE TABLE public.django_content_type (
    id integer NOT NULL,
    app_label character varying(100) NOT NULL,
    model character varying(100) NOT NULL
);


ALTER TABLE public.django_content_type OWNER TO banister_user;

--
-- Name: django_content_type_id_seq; Type: SEQUENCE; Schema: public; Owner: banister_user
--

ALTER TABLE public.django_content_type ALTER COLUMN id ADD GENERATED BY DEFAULT AS IDENTITY (
    SEQUENCE NAME public.django_content_type_id_seq
    START WITH 1
    INCREMENT BY 1
    NO MINVALUE
    NO MAXVALUE
    CACHE 1
);


--
-- Name: django_migrations; Type: TABLE; Schema: public; Owner: banister_user
--

CREATE TABLE public.django_migrations (
    id bigint NOT NULL,
    app character varying(255) NOT NULL,
    name character varying(255) NOT NULL,
    applied timestamp with time zone NOT NULL
);


ALTER TABLE public.django_migrations OWNER TO banister_user;

--
-- Name: django_migrations_id_seq; Type: SEQUENCE; Schema: public; Owner: banister_user
--

ALTER TABLE public.django_migrations ALTER COLUMN id ADD GENERATED BY DEFAULT AS IDENTITY (
    SEQUENCE NAME public.django_migrations_id_seq
    START WITH 1
    INCREMENT BY 1
    NO MINVALUE
    NO MAXVALUE
    CACHE 1
);


--
-- Name: django_session; Type: TABLE; Schema: public; Owner: banister_user
--

CREATE TABLE public.django_session (
    session_key character varying(40) NOT NULL,
    session_data text NOT NULL,
    expire_date timestamp with time zone NOT NULL
);


ALTER TABLE public.django_session OWNER TO banister_user;

--
-- Name: documents_document; Type: TABLE; Schema: public; Owner: banister_user
--

CREATE TABLE public.documents_document (
    id bigint NOT NULL,
    title character varying(255) NOT NULL,
    file character varying(100) NOT NULL,
    description text,
    created_at timestamp with time zone NOT NULL,
    uploaded_by_id bigint NOT NULL
);


ALTER TABLE public.documents_document OWNER TO banister_user;

--
-- Name: documents_document_id_seq; Type: SEQUENCE; Schema: public; Owner: banister_user
--

ALTER TABLE public.documents_document ALTER COLUMN id ADD GENERATED BY DEFAULT AS IDENTITY (
    SEQUENCE NAME public.documents_document_id_seq
    START WITH 1
    INCREMENT BY 1
    NO MINVALUE
    NO MAXVALUE
    CACHE 1
);


--
-- Name: message_chat; Type: TABLE; Schema: public; Owner: banister_user
--

CREATE TABLE public.message_chat (
    id bigint NOT NULL,
    title character varying(255),
    created_at timestamp with time zone NOT NULL,
    updated_at timestamp with time zone NOT NULL
);


ALTER TABLE public.message_chat OWNER TO banister_user;

--
-- Name: message_chat_id_seq; Type: SEQUENCE; Schema: public; Owner: banister_user
--

ALTER TABLE public.message_chat ALTER COLUMN id ADD GENERATED BY DEFAULT AS IDENTITY (
    SEQUENCE NAME public.message_chat_id_seq
    START WITH 1
    INCREMENT BY 1
    NO MINVALUE
    NO MAXVALUE
    CACHE 1
);


--
-- Name: message_chat_participants; Type: TABLE; Schema: public; Owner: banister_user
--

CREATE TABLE public.message_chat_participants (
    id bigint NOT NULL,
    chat_id bigint NOT NULL,
    user_id bigint NOT NULL
);


ALTER TABLE public.message_chat_participants OWNER TO banister_user;

--
-- Name: message_chat_participants_id_seq; Type: SEQUENCE; Schema: public; Owner: banister_user
--

ALTER TABLE public.message_chat_participants ALTER COLUMN id ADD GENERATED BY DEFAULT AS IDENTITY (
    SEQUENCE NAME public.message_chat_participants_id_seq
    START WITH 1
    INCREMENT BY 1
    NO MINVALUE
    NO MAXVALUE
    CACHE 1
);


--
-- Name: message_message; Type: TABLE; Schema: public; Owner: banister_user
--

CREATE TABLE public.message_message (
    id bigint NOT NULL,
    content text NOT NULL,
    is_edited boolean NOT NULL,
    created_at timestamp with time zone NOT NULL,
    updated_at timestamp with time zone NOT NULL,
    chat_id bigint NOT NULL,
    sender_id bigint NOT NULL
);


ALTER TABLE public.message_message OWNER TO banister_user;

--
-- Name: message_message_id_seq; Type: SEQUENCE; Schema: public; Owner: banister_user
--

ALTER TABLE public.message_message ALTER COLUMN id ADD GENERATED BY DEFAULT AS IDENTITY (
    SEQUENCE NAME public.message_message_id_seq
    START WITH 1
    INCREMENT BY 1
    NO MINVALUE
    NO MAXVALUE
    CACHE 1
);


--
-- Name: notifications_notification; Type: TABLE; Schema: public; Owner: banister_user
--

CREATE TABLE public.notifications_notification (
    id bigint NOT NULL,
    notification_type character varying(100) NOT NULL,
    data jsonb NOT NULL,
    is_read boolean NOT NULL,
    created_at timestamp with time zone NOT NULL,
    user_id bigint NOT NULL
);


ALTER TABLE public.notifications_notification OWNER TO banister_user;

--
-- Name: notifications_notification_id_seq; Type: SEQUENCE; Schema: public; Owner: banister_user
--

ALTER TABLE public.notifications_notification ALTER COLUMN id ADD GENERATED BY DEFAULT AS IDENTITY (
    SEQUENCE NAME public.notifications_notification_id_seq
    START WITH 1
    INCREMENT BY 1
    NO MINVALUE
    NO MAXVALUE
    CACHE 1
);


--
-- Name: payments_payment; Type: TABLE; Schema: public; Owner: banister_user
--

CREATE TABLE public.payments_payment (
    id bigint NOT NULL,
    amount numeric(10,2) NOT NULL,
    status character varying(20) NOT NULL,
    stripe_payment_intent_id character varying(255),
    stripe_transfer_id character varying(255),
    created_at timestamp with time zone NOT NULL,
    completed_at timestamp with time zone,
    booking_id bigint NOT NULL,
    customer_id bigint NOT NULL,
    provider_id bigint NOT NULL
);


ALTER TABLE public.payments_payment OWNER TO banister_user;

--
-- Name: payments_payment_id_seq; Type: SEQUENCE; Schema: public; Owner: banister_user
--

ALTER TABLE public.payments_payment ALTER COLUMN id ADD GENERATED BY DEFAULT AS IDENTITY (
    SEQUENCE NAME public.payments_payment_id_seq
    START WITH 1
    INCREMENT BY 1
    NO MINVALUE
    NO MAXVALUE
    CACHE 1
);


--
-- Name: services_schedule; Type: TABLE; Schema: public; Owner: banister_user
--

CREATE TABLE public.services_schedule (
    id bigint NOT NULL,
    day_of_week integer NOT NULL,
    start_time time without time zone NOT NULL,
    end_time time without time zone NOT NULL,
    is_available boolean NOT NULL,
    created_at timestamp with time zone NOT NULL,
    provider_id bigint NOT NULL,
    service_id bigint NOT NULL
);


ALTER TABLE public.services_schedule OWNER TO banister_user;

--
-- Name: services_schedule_id_seq; Type: SEQUENCE; Schema: public; Owner: banister_user
--

ALTER TABLE public.services_schedule ALTER COLUMN id ADD GENERATED BY DEFAULT AS IDENTITY (
    SEQUENCE NAME public.services_schedule_id_seq
    START WITH 1
    INCREMENT BY 1
    NO MINVALUE
    NO MAXVALUE
    CACHE 1
);


--
-- Name: services_service; Type: TABLE; Schema: public; Owner: banister_user
--

CREATE TABLE public.services_service (
    id bigint NOT NULL,
    created_at timestamp with time zone NOT NULL,
    title character varying(100) NOT NULL,
    description text NOT NULL,
    price numeric(10,2) NOT NULL,
    provider_id bigint NOT NULL
);


ALTER TABLE public.services_service OWNER TO banister_user;

--
-- Name: services_service_id_seq; Type: SEQUENCE; Schema: public; Owner: banister_user
--

ALTER TABLE public.services_service ALTER COLUMN id ADD GENERATED BY DEFAULT AS IDENTITY (
    SEQUENCE NAME public.services_service_id_seq
    START WITH 1
    INCREMENT BY 1
    NO MINVALUE
    NO MAXVALUE
    CACHE 1
);


--
-- Name: users; Type: TABLE; Schema: public; Owner: banister_user
--

CREATE TABLE public.users (
    id bigint NOT NULL,
    password character varying(128) NOT NULL,
    last_login timestamp with time zone,
    is_superuser boolean NOT NULL,
    username character varying(150) NOT NULL,
    first_name character varying(150) NOT NULL,
    last_name character varying(150) NOT NULL,
    email character varying(254) NOT NULL,
    is_staff boolean NOT NULL,
    is_active boolean NOT NULL,
    date_joined timestamp with time zone NOT NULL,
    role character varying(20) NOT NULL,
    phone_number character varying(15),
    location character varying(255),
    profile_photo character varying(255),
    firebase_token character varying(500),
    stripe_account_id character varying(255),
    provider_verified boolean NOT NULL,
    provider_rating double precision NOT NULL,
    provider_hourly_rate numeric(10,2) NOT NULL,
    created_at timestamp with time zone NOT NULL,
    updated_at timestamp with time zone NOT NULL,
    email_verification_code character varying(6),
    email_verified boolean NOT NULL
);


ALTER TABLE public.users OWNER TO banister_user;

--
-- Name: users_groups; Type: TABLE; Schema: public; Owner: banister_user
--

CREATE TABLE public.users_groups (
    id bigint NOT NULL,
    user_id bigint NOT NULL,
    group_id integer NOT NULL
);


ALTER TABLE public.users_groups OWNER TO banister_user;

--
-- Name: users_groups_id_seq; Type: SEQUENCE; Schema: public; Owner: banister_user
--

ALTER TABLE public.users_groups ALTER COLUMN id ADD GENERATED BY DEFAULT AS IDENTITY (
    SEQUENCE NAME public.users_groups_id_seq
    START WITH 1
    INCREMENT BY 1
    NO MINVALUE
    NO MAXVALUE
    CACHE 1
);


--
-- Name: users_id_seq; Type: SEQUENCE; Schema: public; Owner: banister_user
--

ALTER TABLE public.users ALTER COLUMN id ADD GENERATED BY DEFAULT AS IDENTITY (
    SEQUENCE NAME public.users_id_seq
    START WITH 1
    INCREMENT BY 1
    NO MINVALUE
    NO MAXVALUE
    CACHE 1
);


--
-- Name: users_user_permissions; Type: TABLE; Schema: public; Owner: banister_user
--

CREATE TABLE public.users_user_permissions (
    id bigint NOT NULL,
    user_id bigint NOT NULL,
    permission_id integer NOT NULL
);


ALTER TABLE public.users_user_permissions OWNER TO banister_user;

--
-- Name: users_user_permissions_id_seq; Type: SEQUENCE; Schema: public; Owner: banister_user
--

ALTER TABLE public.users_user_permissions ALTER COLUMN id ADD GENERATED BY DEFAULT AS IDENTITY (
    SEQUENCE NAME public.users_user_permissions_id_seq
    START WITH 1
    INCREMENT BY 1
    NO MINVALUE
    NO MAXVALUE
    CACHE 1
);


--
-- Name: withdrawals_withdrawal; Type: TABLE; Schema: public; Owner: banister_user
--

CREATE TABLE public.withdrawals_withdrawal (
    id bigint NOT NULL,
    amount numeric(10,2) NOT NULL,
    status character varying(20) NOT NULL,
    stripe_transfer_id character varying(255),
    created_at timestamp with time zone NOT NULL,
    completed_at timestamp with time zone,
    user_id bigint NOT NULL
);


ALTER TABLE public.withdrawals_withdrawal OWNER TO banister_user;

--
-- Name: withdrawals_withdrawal_id_seq; Type: SEQUENCE; Schema: public; Owner: banister_user
--

ALTER TABLE public.withdrawals_withdrawal ALTER COLUMN id ADD GENERATED BY DEFAULT AS IDENTITY (
    SEQUENCE NAME public.withdrawals_withdrawal_id_seq
    START WITH 1
    INCREMENT BY 1
    NO MINVALUE
    NO MAXVALUE
    CACHE 1
);


--
-- Data for Name: auth_group; Type: TABLE DATA; Schema: public; Owner: banister_user
--

COPY public.auth_group (id, name) FROM stdin;
\.


--
-- Data for Name: auth_group_permissions; Type: TABLE DATA; Schema: public; Owner: banister_user
--

COPY public.auth_group_permissions (id, group_id, permission_id) FROM stdin;
\.


--
-- Data for Name: auth_permission; Type: TABLE DATA; Schema: public; Owner: banister_user
--

COPY public.auth_permission (id, name, content_type_id, codename) FROM stdin;
1	Can add log entry	1	add_logentry
2	Can change log entry	1	change_logentry
3	Can delete log entry	1	delete_logentry
4	Can view log entry	1	view_logentry
5	Can add permission	2	add_permission
6	Can change permission	2	change_permission
7	Can delete permission	2	delete_permission
8	Can view permission	2	view_permission
9	Can add group	3	add_group
10	Can change group	3	change_group
11	Can delete group	3	delete_group
12	Can view group	3	view_group
13	Can add content type	4	add_contenttype
14	Can change content type	4	change_contenttype
15	Can delete content type	4	delete_contenttype
16	Can view content type	4	view_contenttype
17	Can add session	5	add_session
18	Can change session	5	change_session
19	Can delete session	5	delete_session
20	Can view session	5	view_session
21	Can add User	6	add_user
22	Can change User	6	change_user
23	Can delete User	6	delete_user
24	Can view User	6	view_user
25	Can add booking	7	add_booking
26	Can change booking	7	change_booking
27	Can delete booking	7	delete_booking
28	Can view booking	7	view_booking
29	Can add Service	8	add_service
30	Can change Service	8	change_service
31	Can delete Service	8	delete_service
32	Can view Service	8	view_service
33	Can add Schedule	9	add_schedule
34	Can change Schedule	9	change_schedule
35	Can delete Schedule	9	delete_schedule
36	Can view Schedule	9	view_schedule
37	Can add Payment	10	add_payment
38	Can change Payment	10	change_payment
39	Can delete Payment	10	delete_payment
40	Can view Payment	10	view_payment
41	Can add Withdrawal	11	add_withdrawal
42	Can change Withdrawal	11	change_withdrawal
43	Can delete Withdrawal	11	delete_withdrawal
44	Can view Withdrawal	11	view_withdrawal
45	Can add Document	12	add_document
46	Can change Document	12	change_document
47	Can delete Document	12	delete_document
48	Can view Document	12	view_document
49	Can add Provider Dashboard	13	add_providerdashboard
50	Can change Provider Dashboard	13	change_providerdashboard
51	Can delete Provider Dashboard	13	delete_providerdashboard
52	Can view Provider Dashboard	13	view_providerdashboard
53	Can add Management Dashboard	14	add_managementdashboard
54	Can change Management Dashboard	14	change_managementdashboard
55	Can delete Management Dashboard	14	delete_managementdashboard
56	Can view Management Dashboard	14	view_managementdashboard
57	Can add Issue	15	add_issue
58	Can change Issue	15	change_issue
59	Can delete Issue	15	delete_issue
60	Can view Issue	15	view_issue
61	Can add Customer Dashboard	16	add_customerdashboard
62	Can change Customer Dashboard	16	change_customerdashboard
63	Can delete Customer Dashboard	16	delete_customerdashboard
64	Can view Customer Dashboard	16	view_customerdashboard
65	Can add Notification	17	add_notification
66	Can change Notification	17	change_notification
67	Can delete Notification	17	delete_notification
68	Can view Notification	17	view_notification
69	Can add Chat	18	add_chat
70	Can change Chat	18	change_chat
71	Can delete Chat	18	delete_chat
72	Can view Chat	18	view_chat
73	Can add Message	19	add_message
74	Can change Message	19	change_message
75	Can delete Message	19	delete_message
76	Can view Message	19	view_message
77	Can add crontab	20	add_crontabschedule
78	Can change crontab	20	change_crontabschedule
79	Can delete crontab	20	delete_crontabschedule
80	Can view crontab	20	view_crontabschedule
81	Can add interval	21	add_intervalschedule
82	Can change interval	21	change_intervalschedule
83	Can delete interval	21	delete_intervalschedule
84	Can view interval	21	view_intervalschedule
85	Can add periodic task	22	add_periodictask
86	Can change periodic task	22	change_periodictask
87	Can delete periodic task	22	delete_periodictask
88	Can view periodic task	22	view_periodictask
89	Can add periodic tasks	23	add_periodictasks
90	Can change periodic tasks	23	change_periodictasks
91	Can delete periodic tasks	23	delete_periodictasks
92	Can view periodic tasks	23	view_periodictasks
93	Can add solar event	24	add_solarschedule
94	Can change solar event	24	change_solarschedule
95	Can delete solar event	24	delete_solarschedule
96	Can view solar event	24	view_solarschedule
97	Can add clocked	25	add_clockedschedule
98	Can change clocked	25	change_clockedschedule
99	Can delete clocked	25	delete_clockedschedule
100	Can view clocked	25	view_clockedschedule
101	Can add admin permission	26	add_adminpermission
102	Can change admin permission	26	change_adminpermission
103	Can delete admin permission	26	delete_adminpermission
104	Can view admin permission	26	view_adminpermission
\.


--
-- Data for Name: authentication_adminpermission; Type: TABLE DATA; Schema: public; Owner: banister_user
--

COPY public.authentication_adminpermission (id, permission_name, can_access, admin_user_id) FROM stdin;
1	users_management	f	38
2	users_management	f	41
3	users_management	f	44
4	users_management	f	48
5	users_management	f	53
6	users_management	f	57
7	users_management	f	61
8	users_management	f	65
9	users_management	f	68
10	users_management	f	72
11	users_management	f	76
\.


--
-- Data for Name: bookings_booking; Type: TABLE DATA; Schema: public; Owner: banister_user
--

COPY public.bookings_booking (id, created_at, location, preferred_date, preferred_time, frequency, scheduled_datetime, status, notes, total_price, google_calendar_event_id, calendar_invitations_sent, calendar_sent_at, customer_id, provider_id, service_id) FROM stdin;
\.


--
-- Data for Name: dashboard_customerdashboard; Type: TABLE DATA; Schema: public; Owner: banister_user
--

COPY public.dashboard_customerdashboard (id, calendar_view_type, email_notifications, sms_notifications, vacation_mode, vacation_start, vacation_end, created_at, updated_at, user_id) FROM stdin;
\.


--
-- Data for Name: dashboard_issue; Type: TABLE DATA; Schema: public; Owner: banister_user
--

COPY public.dashboard_issue (id, title, description, status, priority, created_at, updated_at, resolved_at, assigned_to_id, reported_by_id) FROM stdin;
\.


--
-- Data for Name: dashboard_managementdashboard; Type: TABLE DATA; Schema: public; Owner: banister_user
--

COPY public.dashboard_managementdashboard (id, total_customers_managed, total_issues_resolved, total_issues_pending, default_customer_filter, issue_notifications, customer_notifications, created_at, updated_at, user_id) FROM stdin;
\.


--
-- Data for Name: dashboard_providerdashboard; Type: TABLE DATA; Schema: public; Owner: banister_user
--

COPY public.dashboard_providerdashboard (id, calendar_view_type, working_hours_start, working_hours_end, commission_rate, total_earnings, email_notifications, sms_notifications, vacation_mode, vacation_start, vacation_end, created_at, updated_at, user_id) FROM stdin;
\.


--
-- Data for Name: django_admin_log; Type: TABLE DATA; Schema: public; Owner: banister_user
--

COPY public.django_admin_log (id, action_time, object_id, object_repr, action_flag, change_message, content_type_id, user_id) FROM stdin;
\.


--
-- Data for Name: django_celery_beat_clockedschedule; Type: TABLE DATA; Schema: public; Owner: banister_user
--

COPY public.django_celery_beat_clockedschedule (id, clocked_time) FROM stdin;
\.


--
-- Data for Name: django_celery_beat_crontabschedule; Type: TABLE DATA; Schema: public; Owner: banister_user
--

COPY public.django_celery_beat_crontabschedule (id, minute, hour, day_of_week, day_of_month, month_of_year, timezone) FROM stdin;
\.


--
-- Data for Name: django_celery_beat_intervalschedule; Type: TABLE DATA; Schema: public; Owner: banister_user
--

COPY public.django_celery_beat_intervalschedule (id, every, period) FROM stdin;
\.


--
-- Data for Name: django_celery_beat_periodictask; Type: TABLE DATA; Schema: public; Owner: banister_user
--

COPY public.django_celery_beat_periodictask (id, name, task, args, kwargs, queue, exchange, routing_key, expires, enabled, last_run_at, total_run_count, date_changed, description, crontab_id, interval_id, solar_id, one_off, start_time, priority, headers, clocked_id, expire_seconds) FROM stdin;
\.


--
-- Data for Name: django_celery_beat_periodictasks; Type: TABLE DATA; Schema: public; Owner: banister_user
--

COPY public.django_celery_beat_periodictasks (ident, last_update) FROM stdin;
\.


--
-- Data for Name: django_celery_beat_solarschedule; Type: TABLE DATA; Schema: public; Owner: banister_user
--

COPY public.django_celery_beat_solarschedule (id, event, latitude, longitude) FROM stdin;
\.


--
-- Data for Name: django_content_type; Type: TABLE DATA; Schema: public; Owner: banister_user
--

COPY public.django_content_type (id, app_label, model) FROM stdin;
1	admin	logentry
2	auth	permission
3	auth	group
4	contenttypes	contenttype
5	sessions	session
6	authentication	user
7	bookings	booking
8	services	service
9	services	schedule
10	payments	payment
11	withdrawals	withdrawal
12	documents	document
13	dashboard	providerdashboard
14	dashboard	managementdashboard
15	dashboard	issue
16	dashboard	customerdashboard
17	notifications	notification
18	message	chat
19	message	message
20	django_celery_beat	crontabschedule
21	django_celery_beat	intervalschedule
22	django_celery_beat	periodictask
23	django_celery_beat	periodictasks
24	django_celery_beat	solarschedule
25	django_celery_beat	clockedschedule
26	authentication	adminpermission
\.


--
-- Data for Name: django_migrations; Type: TABLE DATA; Schema: public; Owner: banister_user
--

COPY public.django_migrations (id, app, name, applied) FROM stdin;
1	contenttypes	0001_initial	2025-08-18 22:26:35.651189+00
2	contenttypes	0002_remove_content_type_name	2025-08-18 22:26:35.662691+00
3	auth	0001_initial	2025-08-18 22:26:35.730071+00
4	auth	0002_alter_permission_name_max_length	2025-08-18 22:26:35.736684+00
5	auth	0003_alter_user_email_max_length	2025-08-18 22:26:35.749009+00
6	auth	0004_alter_user_username_opts	2025-08-18 22:26:35.760864+00
7	auth	0005_alter_user_last_login_null	2025-08-18 22:26:35.772352+00
8	auth	0006_require_contenttypes_0002	2025-08-18 22:26:35.778267+00
9	auth	0007_alter_validators_add_error_messages	2025-08-18 22:26:35.789814+00
10	auth	0008_alter_user_username_max_length	2025-08-18 22:26:35.800978+00
11	auth	0009_alter_user_last_name_max_length	2025-08-18 22:26:35.814173+00
12	auth	0010_alter_group_name_max_length	2025-08-18 22:26:35.824857+00
13	auth	0011_update_proxy_permissions	2025-08-18 22:26:35.842439+00
14	auth	0012_alter_user_first_name_max_length	2025-08-18 22:26:35.858556+00
15	authentication	0001_initial	2025-08-18 22:26:35.95462+00
16	admin	0001_initial	2025-08-18 22:26:35.987063+00
17	admin	0002_logentry_remove_auto_add	2025-08-18 22:26:35.998778+00
18	admin	0003_logentry_add_action_flag_choices	2025-08-18 22:26:36.017699+00
19	services	0001_initial	2025-08-18 22:26:36.068216+00
20	bookings	0001_initial	2025-08-18 22:26:36.101996+00
21	dashboard	0001_initial	2025-08-18 22:26:36.199151+00
22	django_celery_beat	0001_initial	2025-08-18 22:26:36.261006+00
23	django_celery_beat	0002_auto_20161118_0346	2025-08-18 22:26:36.282807+00
24	django_celery_beat	0003_auto_20161209_0049	2025-08-18 22:26:36.296974+00
25	django_celery_beat	0004_auto_20170221_0000	2025-08-18 22:26:36.307471+00
26	django_celery_beat	0005_add_solarschedule_events_choices	2025-08-18 22:26:36.314473+00
27	django_celery_beat	0006_auto_20180322_0932	2025-08-18 22:26:36.351477+00
28	django_celery_beat	0007_auto_20180521_0826	2025-08-18 22:26:36.371324+00
29	django_celery_beat	0008_auto_20180914_1922	2025-08-18 22:26:36.403169+00
30	django_celery_beat	0006_auto_20180210_1226	2025-08-18 22:26:36.421868+00
31	django_celery_beat	0006_periodictask_priority	2025-08-18 22:26:36.433755+00
32	django_celery_beat	0009_periodictask_headers	2025-08-18 22:26:36.446346+00
33	django_celery_beat	0010_auto_20190429_0326	2025-08-18 22:26:36.668843+00
34	django_celery_beat	0011_auto_20190508_0153	2025-08-18 22:26:36.69409+00
35	django_celery_beat	0012_periodictask_expire_seconds	2025-08-18 22:26:36.709566+00
36	django_celery_beat	0013_auto_20200609_0727	2025-08-18 22:26:36.724671+00
37	django_celery_beat	0014_remove_clockedschedule_enabled	2025-08-18 22:26:36.735181+00
38	django_celery_beat	0015_edit_solarschedule_events_choices	2025-08-18 22:26:36.743216+00
39	django_celery_beat	0016_alter_crontabschedule_timezone	2025-08-18 22:26:36.756034+00
40	django_celery_beat	0017_alter_crontabschedule_month_of_year	2025-08-18 22:26:36.767562+00
41	django_celery_beat	0018_improve_crontab_helptext	2025-08-18 22:26:36.780154+00
42	documents	0001_initial	2025-08-18 22:26:36.812544+00
43	message	0001_initial	2025-08-18 22:26:36.886982+00
44	notifications	0001_initial	2025-08-18 22:26:36.923567+00
45	payments	0001_initial	2025-08-18 22:26:36.968925+00
46	sessions	0001_initial	2025-08-18 22:26:36.989684+00
47	withdrawals	0001_initial	2025-08-18 22:26:37.039694+00
48	authentication	0002_user_email_verification_code_user_email_verified_and_more	2025-08-19 19:46:42.710655+00
\.


--
-- Data for Name: django_session; Type: TABLE DATA; Schema: public; Owner: banister_user
--

COPY public.django_session (session_key, session_data, expire_date) FROM stdin;
0iv9y9djrr1oo2dtab680wxo40tb8enf	.eJxVjMsOwiAQRf-FtSEDtDxcuvcbyAwMUjU0Ke3K-O_apAvd3nPOfYmI21rj1nmJUxZnocTpdyNMD247yHdst1mmua3LRHJX5EG7vM6Zn5fD_Tuo2Ou3DsaUpDQ6cFQ8mWB9BuQQLAOgTxDKUFzxRnkYRx2cz4NjBWgJkiIt3h_TmTdK:1uoSvl:K9166iWnH4xZAQHdnTF1F5uIatuBGHxJ9moNC6DfuBk	2025-09-02 20:27:41.543032+00
\.


--
-- Data for Name: documents_document; Type: TABLE DATA; Schema: public; Owner: banister_user
--

COPY public.documents_document (id, title, file, description, created_at, uploaded_by_id) FROM stdin;
\.


--
-- Data for Name: message_chat; Type: TABLE DATA; Schema: public; Owner: banister_user
--

COPY public.message_chat (id, title, created_at, updated_at) FROM stdin;
\.


--
-- Data for Name: message_chat_participants; Type: TABLE DATA; Schema: public; Owner: banister_user
--

COPY public.message_chat_participants (id, chat_id, user_id) FROM stdin;
\.


--
-- Data for Name: message_message; Type: TABLE DATA; Schema: public; Owner: banister_user
--

COPY public.message_message (id, content, is_edited, created_at, updated_at, chat_id, sender_id) FROM stdin;
\.


--
-- Data for Name: notifications_notification; Type: TABLE DATA; Schema: public; Owner: banister_user
--

COPY public.notifications_notification (id, notification_type, data, is_read, created_at, user_id) FROM stdin;
\.


--
-- Data for Name: payments_payment; Type: TABLE DATA; Schema: public; Owner: banister_user
--

COPY public.payments_payment (id, amount, status, stripe_payment_intent_id, stripe_transfer_id, created_at, completed_at, booking_id, customer_id, provider_id) FROM stdin;
\.


--
-- Data for Name: services_schedule; Type: TABLE DATA; Schema: public; Owner: banister_user
--

COPY public.services_schedule (id, day_of_week, start_time, end_time, is_available, created_at, provider_id, service_id) FROM stdin;
\.


--
-- Data for Name: services_service; Type: TABLE DATA; Schema: public; Owner: banister_user
--

COPY public.services_service (id, created_at, title, description, price, provider_id) FROM stdin;
\.


--
-- Data for Name: users; Type: TABLE DATA; Schema: public; Owner: banister_user
--

COPY public.users (id, password, last_login, is_superuser, username, first_name, last_name, email, is_staff, is_active, date_joined, role, phone_number, location, profile_photo, firebase_token, stripe_account_id, provider_verified, provider_rating, provider_hourly_rate, created_at, updated_at, email_verification_code, email_verified) FROM stdin;
54	pbkdf2_sha256$600000$5xWZ5T8uSJouwbLRwIAAOd$9F5AGoaLPFsBQ6DXfITo//XzSiH4kAO21sxndDkPuiU=	\N	f	testcreate8939	Create	Test	create8939@test.com	f	t	2025-08-19 21:33:41.368071+00	provider	\N	Test City	\N	\N	\N	f	0	0.00	2025-08-19 21:33:41.368362+00	2025-08-19 21:33:41.687703+00	\N	f
2	pbkdf2_sha256$600000$B3wZCQeotM352nfYC1JlR8$rOzaJMcdnvsOhffQPa7LGJgk/GpYdaoQHZ3nhkg2DlM=	\N	f	asdasd	string	string	shilovscky@i.ua	f	t	2025-08-18 22:28:37.364896+00	customer	string	string	\N	\N	\N	f	0	0.00	2025-08-18 22:28:37.365282+00	2025-08-18 22:28:37.707492+00	\N	f
35	!rtNRb4Pc94B63UNx8EZmV84O31vXTvwJy3HsMKuT	\N	t	admin			admin@banister.com	t	t	2025-08-19 19:13:09.122907+00	customer	\N	\N	\N	\N	\N	f	0	0.00	2025-08-19 19:13:09.123307+00	2025-08-19 19:13:09.123316+00	\N	f
44	pbkdf2_sha256$600000$50mPA1lsEDF02sD4PlWpPM$u2cDC5eVQnHUY3uk00LYCiUPz4BJMqOiAk8ztLe7YOI=	\N	f	regularadmin3567	Regular	Admin	admin3567@regular.com	f	t	2025-08-19 21:11:36.866953+00	admin	\N	Office	\N	\N	\N	f	0	0.00	2025-08-19 21:11:36.867551+00	2025-08-19 21:11:37.203151+00	\N	f
1	pbkdf2_sha256$600000$Vrejjaemb1VaKK8Z7flQKW$PCqx3Z2KWZtNPF+yW61Ks11i+TOB7fcRilAKAuXQI20=	2025-08-19 20:27:41.539672+00	f	string	string	string	shilovscky@i.ua	f	t	2025-08-18 22:27:12.477733+00	customer	string	string	\N	\N	\N	f	0	0.00	2025-08-18 22:27:12.483713+00	2025-08-18 22:27:12.801833+00	\N	f
45	pbkdf2_sha256$600000$O20Besx3jx7zVH35SDQlbc$YIlgPIXIwzr3I/Gw/GokTSt0X0VUrCfq8vsGcocvAao=	\N	f	testcreate6499	Create	Test	create6499@test.com	f	t	2025-08-19 21:11:40.549169+00	provider	\N	Test City	\N	\N	\N	f	0	0.00	2025-08-19 21:11:40.549481+00	2025-08-19 21:11:40.893711+00	\N	f
58	pbkdf2_sha256$600000$bPVH75tUHLYVYFST76tj2e$rV4/wlmFa/gbKEkfmgn4pKDZWKU66TKerYK+vvPbrJs=	\N	f	testcreate6685	Create	Test	create6685@test.com	f	t	2025-08-20 06:50:50.725044+00	provider	\N	Test City	\N	\N	\N	f	0	0.00	2025-08-20 06:50:50.725696+00	2025-08-20 06:50:51.044248+00	\N	f
46	pbkdf2_sha256$600000$VJ6X8wZUIZfCpUts9Z1ag2$TkbCokXiQMt5QyPMOMhZkK8IFQZvxaWK9q6gmDVD/Lg=	\N	f	smtptest4476	SMTP	Test	smtp4476@example.com	f	t	2025-08-19 21:23:45.18632+00	customer	\N	Test City	\N	\N	\N	f	0	0.00	2025-08-19 21:23:45.187513+00	2025-08-19 21:23:45.585274+00	189350	f
39	pbkdf2_sha256$600000$q5u1nflHGnABgIa8O7zT6w$tLuVxaIodtEOkWB7hxXiZlefbFxxOhndr2FUhBRavpo=	\N	f	testcreate789	Create	Test	create789@test.com	f	t	2025-08-19 20:43:21.516368+00	provider	\N	Test City	\N	\N	\N	f	0	0.00	2025-08-19 20:43:21.516623+00	2025-08-19 20:43:21.931857+00	\N	f
47	pbkdf2_sha256$600000$6ZjmeTmUtycKPHH8tyPDjY$0ox7nWYF8o9rmssFbXryMPtSVP1Tkao2otJppqBvw18=	\N	f	testuser7195	Test	User	test7195@example.com	f	t	2025-08-19 21:26:02.522115+00	customer	\N	New York	\N	\N	\N	f	0	0.00	2025-08-19 21:26:02.522369+00	2025-08-19 21:26:02.937261+00	\N	f
40	pbkdf2_sha256$600000$GK0sgXsarE1h6hEd58uyUb$j8Zkigtvh0CS/eOE6XwA85fSyoalXWm+56iGci0cTMA=	\N	f	testuser8329	Test	User	test8329@example.com	f	t	2025-08-19 20:53:05.847457+00	customer	\N	New York	\N	\N	\N	f	0	0.00	2025-08-19 20:53:05.847688+00	2025-08-19 20:53:06.192071+00	\N	f
51	pbkdf2_sha256$600000$Y1pFE17Gb67fk5GnR6WPDz$8K8M3odcsePEEItLGzX4h8bpeHAKxlzm59LeGXohfeA=	\N	f	smtptest4602	SMTP	Test	smtp4602@example.com	f	t	2025-08-19 21:31:30.586217+00	customer	\N	Test City	\N	\N	\N	f	0	0.00	2025-08-19 21:31:30.58655+00	2025-08-19 21:31:30.964552+00	897411	f
41	pbkdf2_sha256$600000$0hyr67tqt3iUMt5rCHrBTc$uTL8R0gkZOT8ZhZYeaSLdCx9FvL1vVB5NHFHEgJ8moM=	\N	f	regularadmin9444	Regular	Admin	admin9444@regular.com	f	t	2025-08-19 20:53:12.536208+00	admin	\N	Office	\N	\N	\N	f	0	0.00	2025-08-19 20:53:12.536508+00	2025-08-19 20:53:12.952365+00	\N	f
42	pbkdf2_sha256$600000$J2xPeNyXlq2yvGtbhzSOVR$Kk/QA/sL2HLMn+4QpdH29ZkT/OKlv7m31E0ej3//g9M=	\N	f	testcreate3000	Create	Test	create3000@test.com	f	t	2025-08-19 20:53:16.345006+00	provider	\N	Test City	\N	\N	\N	f	0	0.00	2025-08-19 20:53:16.345466+00	2025-08-19 20:53:16.756477+00	\N	f
43	pbkdf2_sha256$600000$4KFF7Swd7ypp2uc5tMS3eZ$6c4ASyteo66Gw4gZUBK9S5P43mJqpSvj60XS5amynu4=	\N	f	testuser6094	Test	User	test6094@example.com	f	t	2025-08-19 21:11:31.268563+00	customer	\N	New York	\N	\N	\N	f	0	0.00	2025-08-19 21:11:31.268939+00	2025-08-19 21:11:31.567945+00	\N	f
52	pbkdf2_sha256$600000$aFShlsX2CoQoGp3zBoqSde$x1Z0pMQZiiRdtDhIFmd8gdBRWBvfwn4P1zfCD2Qmims=	\N	f	testuser1644	Test	User	test1644@example.com	f	t	2025-08-19 21:33:32.865893+00	customer	\N	New York	\N	\N	\N	f	0	0.00	2025-08-19 21:33:32.866192+00	2025-08-19 21:33:33.132417+00	\N	f
48	pbkdf2_sha256$600000$QWsJ3iOWGOYwawB9AeUn3Y$2n3d0N7utS2q33vTKOYpyo/dwTSm4CpJkWZLHOvJ5YU=	\N	f	regularadmin7991	Regular	Admin	admin7991@regular.com	f	t	2025-08-19 21:26:08.079825+00	admin	\N	Office	\N	\N	\N	f	0	0.00	2025-08-19 21:26:08.08007+00	2025-08-19 21:26:08.421857+00	\N	f
55	pbkdf2_sha256$600000$Sxt3jEIPRo5P4a9zrMq5Zh$OvR5kj/gtUcTonPC5lFMk5pc5LrDDMYhVB6Ba6/X1KE=	\N	f	smtptest6115	SMTP	Test	smtp6115@example.com	f	t	2025-08-19 21:33:46.155357+00	customer	\N	Test City	\N	\N	\N	f	0	0.00	2025-08-19 21:33:46.155537+00	2025-08-19 21:33:46.460252+00	224354	f
49	pbkdf2_sha256$600000$S5sEckEEVvB4ncKsVv1GvD$PkSBJFB1/AKDGXk3oeGzAqkVVboBovGt0NOJUYtfdSQ=	\N	f	testcreate5005	Create	Test	create5005@test.com	f	t	2025-08-19 21:26:12.930813+00	provider	\N	Test City	\N	\N	\N	f	0	0.00	2025-08-19 21:26:12.931042+00	2025-08-19 21:26:13.469104+00	\N	f
50	pbkdf2_sha256$600000$MpjcuzpzCu0wmQdlaSkIOZ$duLqR1jA6Jdl2RAAC1l7ySg2vEPiM1XCvsU9AL11v+4=	\N	f	smtptest2209	SMTP	Test	smtp2209@example.com	f	t	2025-08-19 21:26:19.272192+00	customer	\N	Test City	\N	\N	\N	f	0	0.00	2025-08-19 21:26:19.272387+00	2025-08-19 21:26:19.64708+00	574088	f
57	pbkdf2_sha256$600000$YtILrtEebiLPhRJX5PDQpg$aMuQFlJdo0NuNJkEerAIcC0HgdBGbsNcBVhgMmewr4c=	\N	f	regularadmin5689	Regular	Admin	admin5689@regular.com	f	t	2025-08-20 06:50:47.267509+00	admin	\N	Office	\N	\N	\N	f	0	0.00	2025-08-20 06:50:47.267721+00	2025-08-20 06:50:47.585765+00	\N	f
53	pbkdf2_sha256$600000$vetKsyO2Jrq9wQ8koaK3Tx$3Mw3bS2xfyP930+mpOPGEjs4oFPrjcX28vPOe82vjDY=	\N	f	regularadmin1775	Regular	Admin	admin1775@regular.com	f	t	2025-08-19 21:33:37.878401+00	admin	\N	Office	\N	\N	\N	f	0	0.00	2025-08-19 21:33:37.878597+00	2025-08-19 21:33:38.156616+00	\N	f
56	pbkdf2_sha256$600000$6sCal52ReHqZSFBUmPdNWo$oGTTTdXIPHWRJBSKpryVDfI0LBKeBErJiYv06Uvpi80=	\N	f	testuser7922	Test	User	test7922@example.com	f	t	2025-08-20 06:50:41.697543+00	customer	\N	New York	\N	\N	\N	f	0	0.00	2025-08-20 06:50:41.69797+00	2025-08-20 06:50:42.008304+00	\N	f
59	pbkdf2_sha256$600000$O2ENNLZaghkKM4NZdQ2olO$H1n/IrscJxtVBVJzxvPi+G4Dnsx3n9LVIyFzUhBub7A=	\N	f	smtptest9115	SMTP	Test	smtp9115@example.com	f	t	2025-08-20 06:50:55.881357+00	customer	\N	Test City	\N	\N	\N	f	0	0.00	2025-08-20 06:50:55.881548+00	2025-08-20 06:50:56.276404+00	589653	f
60	pbkdf2_sha256$600000$eAdGqSJgKjcTJz4KFJ35zO$FXVIELNgvUmvqcRd5F5ssmwkOtArJTB4NujrSLVePaA=	\N	f	testuser5168	Test	User	test5168@example.com	f	t	2025-08-20 06:51:33.285934+00	customer	\N	New York	\N	\N	\N	f	0	0.00	2025-08-20 06:51:33.286407+00	2025-08-20 06:51:33.754615+00	\N	f
38	pbkdf2_sha256$600000$NO7GmudwOZhkvBSnp7Ukdq$PdBIzWQXUvB8EsSkdPV5DNUN5ku4Xovs0OKGvwmDJqU=	\N	f	regularadmin	Regular	Admin	admin@regular.com	f	t	2025-08-19 20:42:31.615464+00	admin	\N	Office	\N	\N	\N	f	0	0.00	2025-08-19 20:42:31.615691+00	2025-08-20 07:09:24.233204+00	124544	f
61	pbkdf2_sha256$600000$6v1Y6HGxRK9JYfcvgbItHB$uGqvO3dibyP3GTmenqqC5+i9+Au5uNvOa8G7NgY1KK4=	\N	f	regularadmin1625	Regular	Admin	admin1625@regular.com	f	t	2025-08-20 06:51:39.709137+00	admin	\N	Office	\N	\N	\N	f	0	0.00	2025-08-20 06:51:39.709405+00	2025-08-20 06:51:40.088076+00	\N	f
62	pbkdf2_sha256$600000$4VPqzPTkFLHROItZGiuQJk$JtX3R9HKZ2qT/I+9cwIscec95l4nKOyqr9TZ9Cnx1GU=	\N	f	testcreate4967	Create	Test	create4967@test.com	f	t	2025-08-20 06:51:43.408907+00	provider	\N	Test City	\N	\N	\N	f	0	0.00	2025-08-20 06:51:43.409509+00	2025-08-20 06:51:43.742672+00	\N	f
36	pbkdf2_sha256$600000$n2qFAVnqDdQPqHZoaAPQMb$jOG2eagS7T0kACN7ZHHQlck0ois9Bw20HuM2KUikjjc=	\N	t	testadmin	Super	Administrator	admin@test.com	t	t	2025-08-19 20:39:32.275507+00	super_admin	\N	\N	http://minio:9000/profile-photos/36_f7011558-738a-4b13-8df4-6fc6cd4c0aab.jpg	\N	\N	f	0	0.00	2025-08-19 20:39:32.614478+00	2025-08-20 07:09:30.962246+00	\N	t
37	pbkdf2_sha256$600000$mqszErquq3ExFIewzLlJxx$gK4CZMYdXmyxRodfPGVmxecvQ9fIBI4Cf2OiuUIXYbg=	\N	f	testuser456	Test	User	test456@example.com	f	t	2025-08-19 20:41:09.725357+00	customer	\N	New York	\N	\N	\N	f	0	0.00	2025-08-19 20:41:09.726068+00	2025-08-20 07:09:18.580965+00	448565	f
63	pbkdf2_sha256$600000$agAjYrLuFBv5O1q5Hv7XI6$8d6wSrDDwgB3WfJbXoGXZK0DhW4j+aTnu2lHKdHKQFA=	\N	f	smtptest5272	SMTP	Test	smtp5272@example.com	f	t	2025-08-20 06:51:48.863402+00	customer	\N	Test City	\N	\N	\N	f	0	0.00	2025-08-20 06:51:48.863629+00	2025-08-20 06:51:49.211023+00	003790	f
64	pbkdf2_sha256$600000$MLiXDGkyQGCHV6OS0vpvP1$UC2M8swa3H/BYHebrzoUBcCN1IbCwpb/io3OIG83U14=	\N	f	testuser8855	Test	User	test8855@example.com	f	t	2025-08-20 06:55:47.828671+00	customer	\N	New York	\N	\N	\N	f	0	0.00	2025-08-20 06:55:47.829111+00	2025-08-20 06:55:48.175582+00	\N	f
65	pbkdf2_sha256$600000$9rVueerO1IDcyD1bEMLSlH$32X6Nf6CDsryiYOiijYu97y7szdd6GKbjSXtUQ40EJM=	\N	f	regularadmin9453	Regular	Admin	admin9453@regular.com	f	t	2025-08-20 06:55:53.10602+00	admin	\N	Office	\N	\N	\N	f	0	0.00	2025-08-20 06:55:53.106276+00	2025-08-20 06:55:53.556606+00	\N	f
66	pbkdf2_sha256$600000$blfxeg9UijGdgQS4j54toq$PL04hOyqXgSEPoiLnWkeYv0uESEpK8tk0nr85/DODg8=	\N	f	testcreate7379	Create	Test	create7379@test.com	f	t	2025-08-20 06:55:56.809412+00	provider	\N	Test City	\N	\N	\N	f	0	0.00	2025-08-20 06:55:56.809613+00	2025-08-20 06:55:57.121252+00	\N	f
67	pbkdf2_sha256$600000$rBliEijcWZuaECn4koxqW4$CRueUjPresFUGW7N9be1bLiuN3cg9kc+T6IhNX66rRQ=	\N	f	smtptest7007	SMTP	Test	smtp7007@example.com	f	t	2025-08-20 06:56:02.03069+00	customer	\N	Test City	\N	\N	\N	f	0	0.00	2025-08-20 06:56:02.030905+00	2025-08-20 06:56:02.387893+00	898486	f
68	pbkdf2_sha256$600000$Eq0vcnlg9LlfV9hni8tIZz$re6vjhXE3z3P+QyE+KtWRO6dwwL1yXI6RKkuqPbjVsU=	\N	f	regularadmin6129	Regular	Admin	admin6129@regular.com	f	t	2025-08-20 06:59:37.497787+00	admin	\N	Office	\N	\N	\N	f	0	0.00	2025-08-20 06:59:37.498118+00	2025-08-20 06:59:37.828339+00	\N	f
69	pbkdf2_sha256$600000$mgNWQIQalnMt7Z2iz5zjDP$AMdZNdDPxPzlBNlO9lSDt4n/169ayPBPux/ecGclYsA=	\N	f	testcreate5916	Create	Test	create5916@test.com	f	t	2025-08-20 06:59:41.504836+00	provider	\N	Test City	\N	\N	\N	f	0	0.00	2025-08-20 06:59:41.505066+00	2025-08-20 06:59:41.811018+00	\N	f
78	pbkdf2_sha256$600000$xCfpdV3pT4V62PLu4FZutO$fhht621Nbx59iR3SIstKLyxe8vT1PalIMTqrdNFQbFo=	\N	f	smtptest5010	SMTP	Test	smtp5010@example.com	f	t	2025-08-20 07:09:33.193692+00	customer	\N	Test City	\N	\N	\N	f	0	0.00	2025-08-20 07:09:33.193961+00	2025-08-20 07:09:33.614207+00	715972	f
70	pbkdf2_sha256$600000$0HBn9MkMKay18WMsXvC4pa$o9szY8M5PPnputR5Avbp2RPULjoJTSHb8DC9ck3B6F8=	\N	f	smtptest2954	SMTP	Test	smtp2954@example.com	f	t	2025-08-20 06:59:46.602265+00	customer	\N	Test City	\N	\N	\N	f	0	0.00	2025-08-20 06:59:46.602975+00	2025-08-20 06:59:46.925435+00	983246	f
71	pbkdf2_sha256$600000$OsFPwnXDmNgapDy6QjbTtk$QYQIMBc/FmLNJRIpW7fP9W46qZ4mzqGlUJ8O24nfpnk=	\N	f	testuser8755	Test	User	test8755@example.com	f	t	2025-08-20 07:00:28.952841+00	customer	\N	New York	\N	\N	\N	f	0	0.00	2025-08-20 07:00:28.953066+00	2025-08-20 07:00:29.349301+00	\N	f
72	pbkdf2_sha256$600000$6oHejnbBbpm6MFa3q96sD6$2t4itv+357Fexf4DmFXyWWk1gAjthlR0Dwis35TKzpM=	\N	f	regularadmin7871	Regular	Admin	admin7871@regular.com	f	t	2025-08-20 07:00:34.473852+00	admin	\N	Office	\N	\N	\N	f	0	0.00	2025-08-20 07:00:34.474103+00	2025-08-20 07:00:34.778679+00	\N	f
73	pbkdf2_sha256$600000$tBzl5fZLWAbRkeulSOSYBH$Iobk3u/dFTuR7JXSLoY0jBZSKhkLknR8FDiHyt4CNyM=	\N	f	testcreate1976	Create	Test	create1976@test.com	f	t	2025-08-20 07:00:38.11136+00	provider	\N	Test City	\N	\N	\N	f	0	0.00	2025-08-20 07:00:38.111994+00	2025-08-20 07:00:38.417376+00	\N	f
74	pbkdf2_sha256$600000$Drt7utS3AejJO9WTeWGzdV$yKymcao0dJf42cd4kRHM/3s9ElI21RezNddoDWxU3q8=	\N	f	smtptest9459	SMTP	Test	smtp9459@example.com	f	t	2025-08-20 07:00:43.732163+00	customer	\N	Test City	\N	\N	\N	f	0	0.00	2025-08-20 07:00:43.732399+00	2025-08-20 07:00:44.06199+00	781589	f
75	pbkdf2_sha256$600000$1RiVXUWY3dAqsT2bw6oux0$T3sWoaHr30j+gjK31Vb6hl/PJYEygKy36gyoyTJD2RI=	\N	f	testuser9799	Test	User	test9799@example.com	f	t	2025-08-20 07:09:18.166492+00	customer	\N	New York	\N	\N	\N	f	0	0.00	2025-08-20 07:09:18.1667+00	2025-08-20 07:09:18.529263+00	\N	f
76	pbkdf2_sha256$600000$ih9C8JYPkfFeTfTq7jj3gZ$IyYBPUUzMudeZlcL2Kz+yvXOTy0GL71IKI4z6DhXHfI=	\N	f	regularadmin3254	Regular	Admin	admin3254@regular.com	f	t	2025-08-20 07:09:23.79928+00	admin	\N	Office	\N	\N	\N	f	0	0.00	2025-08-20 07:09:23.7995+00	2025-08-20 07:09:24.133902+00	\N	f
77	pbkdf2_sha256$600000$KfYGYgGixVm1v6IDAjK1pI$Bfc3vPXaj27o6kHo+NQwtK1ksr8iyUIH3CboEi3KF/A=	\N	f	testcreate7083	Create	Test	create7083@test.com	f	t	2025-08-20 07:09:27.419504+00	provider	\N	Test City	\N	\N	\N	f	0	0.00	2025-08-20 07:09:27.419958+00	2025-08-20 07:09:27.745522+00	\N	f
\.


--
-- Data for Name: users_groups; Type: TABLE DATA; Schema: public; Owner: banister_user
--

COPY public.users_groups (id, user_id, group_id) FROM stdin;
\.


--
-- Data for Name: users_user_permissions; Type: TABLE DATA; Schema: public; Owner: banister_user
--

COPY public.users_user_permissions (id, user_id, permission_id) FROM stdin;
\.


--
-- Data for Name: withdrawals_withdrawal; Type: TABLE DATA; Schema: public; Owner: banister_user
--

COPY public.withdrawals_withdrawal (id, amount, status, stripe_transfer_id, created_at, completed_at, user_id) FROM stdin;
\.


--
-- Name: auth_group_id_seq; Type: SEQUENCE SET; Schema: public; Owner: banister_user
--

SELECT pg_catalog.setval('public.auth_group_id_seq', 1, false);


--
-- Name: auth_group_permissions_id_seq; Type: SEQUENCE SET; Schema: public; Owner: banister_user
--

SELECT pg_catalog.setval('public.auth_group_permissions_id_seq', 1, false);


--
-- Name: auth_permission_id_seq; Type: SEQUENCE SET; Schema: public; Owner: banister_user
--

SELECT pg_catalog.setval('public.auth_permission_id_seq', 104, true);


--
-- Name: authentication_adminpermission_id_seq; Type: SEQUENCE SET; Schema: public; Owner: banister_user
--

SELECT pg_catalog.setval('public.authentication_adminpermission_id_seq', 11, true);


--
-- Name: bookings_booking_id_seq; Type: SEQUENCE SET; Schema: public; Owner: banister_user
--

SELECT pg_catalog.setval('public.bookings_booking_id_seq', 1, false);


--
-- Name: dashboard_customerdashboard_id_seq; Type: SEQUENCE SET; Schema: public; Owner: banister_user
--

SELECT pg_catalog.setval('public.dashboard_customerdashboard_id_seq', 1, false);


--
-- Name: dashboard_issue_id_seq; Type: SEQUENCE SET; Schema: public; Owner: banister_user
--

SELECT pg_catalog.setval('public.dashboard_issue_id_seq', 1, false);


--
-- Name: dashboard_managementdashboard_id_seq; Type: SEQUENCE SET; Schema: public; Owner: banister_user
--

SELECT pg_catalog.setval('public.dashboard_managementdashboard_id_seq', 1, false);


--
-- Name: dashboard_providerdashboard_id_seq; Type: SEQUENCE SET; Schema: public; Owner: banister_user
--

SELECT pg_catalog.setval('public.dashboard_providerdashboard_id_seq', 1, false);


--
-- Name: django_admin_log_id_seq; Type: SEQUENCE SET; Schema: public; Owner: banister_user
--

SELECT pg_catalog.setval('public.django_admin_log_id_seq', 1, false);


--
-- Name: django_celery_beat_clockedschedule_id_seq; Type: SEQUENCE SET; Schema: public; Owner: banister_user
--

SELECT pg_catalog.setval('public.django_celery_beat_clockedschedule_id_seq', 1, false);


--
-- Name: django_celery_beat_crontabschedule_id_seq; Type: SEQUENCE SET; Schema: public; Owner: banister_user
--

SELECT pg_catalog.setval('public.django_celery_beat_crontabschedule_id_seq', 1, false);


--
-- Name: django_celery_beat_intervalschedule_id_seq; Type: SEQUENCE SET; Schema: public; Owner: banister_user
--

SELECT pg_catalog.setval('public.django_celery_beat_intervalschedule_id_seq', 1, false);


--
-- Name: django_celery_beat_periodictask_id_seq; Type: SEQUENCE SET; Schema: public; Owner: banister_user
--

SELECT pg_catalog.setval('public.django_celery_beat_periodictask_id_seq', 1, false);


--
-- Name: django_celery_beat_solarschedule_id_seq; Type: SEQUENCE SET; Schema: public; Owner: banister_user
--

SELECT pg_catalog.setval('public.django_celery_beat_solarschedule_id_seq', 1, false);


--
-- Name: django_content_type_id_seq; Type: SEQUENCE SET; Schema: public; Owner: banister_user
--

SELECT pg_catalog.setval('public.django_content_type_id_seq', 26, true);


--
-- Name: django_migrations_id_seq; Type: SEQUENCE SET; Schema: public; Owner: banister_user
--

SELECT pg_catalog.setval('public.django_migrations_id_seq', 48, true);


--
-- Name: documents_document_id_seq; Type: SEQUENCE SET; Schema: public; Owner: banister_user
--

SELECT pg_catalog.setval('public.documents_document_id_seq', 1, false);


--
-- Name: message_chat_id_seq; Type: SEQUENCE SET; Schema: public; Owner: banister_user
--

SELECT pg_catalog.setval('public.message_chat_id_seq', 1, false);


--
-- Name: message_chat_participants_id_seq; Type: SEQUENCE SET; Schema: public; Owner: banister_user
--

SELECT pg_catalog.setval('public.message_chat_participants_id_seq', 1, false);


--
-- Name: message_message_id_seq; Type: SEQUENCE SET; Schema: public; Owner: banister_user
--

SELECT pg_catalog.setval('public.message_message_id_seq', 1, false);


--
-- Name: notifications_notification_id_seq; Type: SEQUENCE SET; Schema: public; Owner: banister_user
--

SELECT pg_catalog.setval('public.notifications_notification_id_seq', 1, false);


--
-- Name: payments_payment_id_seq; Type: SEQUENCE SET; Schema: public; Owner: banister_user
--

SELECT pg_catalog.setval('public.payments_payment_id_seq', 1, false);


--
-- Name: services_schedule_id_seq; Type: SEQUENCE SET; Schema: public; Owner: banister_user
--

SELECT pg_catalog.setval('public.services_schedule_id_seq', 1, false);


--
-- Name: services_service_id_seq; Type: SEQUENCE SET; Schema: public; Owner: banister_user
--

SELECT pg_catalog.setval('public.services_service_id_seq', 1, false);


--
-- Name: users_groups_id_seq; Type: SEQUENCE SET; Schema: public; Owner: banister_user
--

SELECT pg_catalog.setval('public.users_groups_id_seq', 1, false);


--
-- Name: users_id_seq; Type: SEQUENCE SET; Schema: public; Owner: banister_user
--

SELECT pg_catalog.setval('public.users_id_seq', 78, true);


--
-- Name: users_user_permissions_id_seq; Type: SEQUENCE SET; Schema: public; Owner: banister_user
--

SELECT pg_catalog.setval('public.users_user_permissions_id_seq', 1, false);


--
-- Name: withdrawals_withdrawal_id_seq; Type: SEQUENCE SET; Schema: public; Owner: banister_user
--

SELECT pg_catalog.setval('public.withdrawals_withdrawal_id_seq', 1, false);


--
-- Name: auth_group auth_group_name_key; Type: CONSTRAINT; Schema: public; Owner: banister_user
--

ALTER TABLE ONLY public.auth_group
    ADD CONSTRAINT auth_group_name_key UNIQUE (name);


--
-- Name: auth_group_permissions auth_group_permissions_group_id_permission_id_0cd325b0_uniq; Type: CONSTRAINT; Schema: public; Owner: banister_user
--

ALTER TABLE ONLY public.auth_group_permissions
    ADD CONSTRAINT auth_group_permissions_group_id_permission_id_0cd325b0_uniq UNIQUE (group_id, permission_id);


--
-- Name: auth_group_permissions auth_group_permissions_pkey; Type: CONSTRAINT; Schema: public; Owner: banister_user
--

ALTER TABLE ONLY public.auth_group_permissions
    ADD CONSTRAINT auth_group_permissions_pkey PRIMARY KEY (id);


--
-- Name: auth_group auth_group_pkey; Type: CONSTRAINT; Schema: public; Owner: banister_user
--

ALTER TABLE ONLY public.auth_group
    ADD CONSTRAINT auth_group_pkey PRIMARY KEY (id);


--
-- Name: auth_permission auth_permission_content_type_id_codename_01ab375a_uniq; Type: CONSTRAINT; Schema: public; Owner: banister_user
--

ALTER TABLE ONLY public.auth_permission
    ADD CONSTRAINT auth_permission_content_type_id_codename_01ab375a_uniq UNIQUE (content_type_id, codename);


--
-- Name: auth_permission auth_permission_pkey; Type: CONSTRAINT; Schema: public; Owner: banister_user
--

ALTER TABLE ONLY public.auth_permission
    ADD CONSTRAINT auth_permission_pkey PRIMARY KEY (id);


--
-- Name: authentication_adminpermission authentication_adminperm_admin_user_id_permission_75cb55a4_uniq; Type: CONSTRAINT; Schema: public; Owner: banister_user
--

ALTER TABLE ONLY public.authentication_adminpermission
    ADD CONSTRAINT authentication_adminperm_admin_user_id_permission_75cb55a4_uniq UNIQUE (admin_user_id, permission_name);


--
-- Name: authentication_adminpermission authentication_adminpermission_pkey; Type: CONSTRAINT; Schema: public; Owner: banister_user
--

ALTER TABLE ONLY public.authentication_adminpermission
    ADD CONSTRAINT authentication_adminpermission_pkey PRIMARY KEY (id);


--
-- Name: bookings_booking bookings_booking_pkey; Type: CONSTRAINT; Schema: public; Owner: banister_user
--

ALTER TABLE ONLY public.bookings_booking
    ADD CONSTRAINT bookings_booking_pkey PRIMARY KEY (id);


--
-- Name: dashboard_customerdashboard dashboard_customerdashboard_pkey; Type: CONSTRAINT; Schema: public; Owner: banister_user
--

ALTER TABLE ONLY public.dashboard_customerdashboard
    ADD CONSTRAINT dashboard_customerdashboard_pkey PRIMARY KEY (id);


--
-- Name: dashboard_customerdashboard dashboard_customerdashboard_user_id_key; Type: CONSTRAINT; Schema: public; Owner: banister_user
--

ALTER TABLE ONLY public.dashboard_customerdashboard
    ADD CONSTRAINT dashboard_customerdashboard_user_id_key UNIQUE (user_id);


--
-- Name: dashboard_issue dashboard_issue_pkey; Type: CONSTRAINT; Schema: public; Owner: banister_user
--

ALTER TABLE ONLY public.dashboard_issue
    ADD CONSTRAINT dashboard_issue_pkey PRIMARY KEY (id);


--
-- Name: dashboard_managementdashboard dashboard_managementdashboard_pkey; Type: CONSTRAINT; Schema: public; Owner: banister_user
--

ALTER TABLE ONLY public.dashboard_managementdashboard
    ADD CONSTRAINT dashboard_managementdashboard_pkey PRIMARY KEY (id);


--
-- Name: dashboard_managementdashboard dashboard_managementdashboard_user_id_key; Type: CONSTRAINT; Schema: public; Owner: banister_user
--

ALTER TABLE ONLY public.dashboard_managementdashboard
    ADD CONSTRAINT dashboard_managementdashboard_user_id_key UNIQUE (user_id);


--
-- Name: dashboard_providerdashboard dashboard_providerdashboard_pkey; Type: CONSTRAINT; Schema: public; Owner: banister_user
--

ALTER TABLE ONLY public.dashboard_providerdashboard
    ADD CONSTRAINT dashboard_providerdashboard_pkey PRIMARY KEY (id);


--
-- Name: dashboard_providerdashboard dashboard_providerdashboard_user_id_key; Type: CONSTRAINT; Schema: public; Owner: banister_user
--

ALTER TABLE ONLY public.dashboard_providerdashboard
    ADD CONSTRAINT dashboard_providerdashboard_user_id_key UNIQUE (user_id);


--
-- Name: django_admin_log django_admin_log_pkey; Type: CONSTRAINT; Schema: public; Owner: banister_user
--

ALTER TABLE ONLY public.django_admin_log
    ADD CONSTRAINT django_admin_log_pkey PRIMARY KEY (id);


--
-- Name: django_celery_beat_clockedschedule django_celery_beat_clockedschedule_pkey; Type: CONSTRAINT; Schema: public; Owner: banister_user
--

ALTER TABLE ONLY public.django_celery_beat_clockedschedule
    ADD CONSTRAINT django_celery_beat_clockedschedule_pkey PRIMARY KEY (id);


--
-- Name: django_celery_beat_crontabschedule django_celery_beat_crontabschedule_pkey; Type: CONSTRAINT; Schema: public; Owner: banister_user
--

ALTER TABLE ONLY public.django_celery_beat_crontabschedule
    ADD CONSTRAINT django_celery_beat_crontabschedule_pkey PRIMARY KEY (id);


--
-- Name: django_celery_beat_intervalschedule django_celery_beat_intervalschedule_pkey; Type: CONSTRAINT; Schema: public; Owner: banister_user
--

ALTER TABLE ONLY public.django_celery_beat_intervalschedule
    ADD CONSTRAINT django_celery_beat_intervalschedule_pkey PRIMARY KEY (id);


--
-- Name: django_celery_beat_periodictask django_celery_beat_periodictask_name_key; Type: CONSTRAINT; Schema: public; Owner: banister_user
--

ALTER TABLE ONLY public.django_celery_beat_periodictask
    ADD CONSTRAINT django_celery_beat_periodictask_name_key UNIQUE (name);


--
-- Name: django_celery_beat_periodictask django_celery_beat_periodictask_pkey; Type: CONSTRAINT; Schema: public; Owner: banister_user
--

ALTER TABLE ONLY public.django_celery_beat_periodictask
    ADD CONSTRAINT django_celery_beat_periodictask_pkey PRIMARY KEY (id);


--
-- Name: django_celery_beat_periodictasks django_celery_beat_periodictasks_pkey; Type: CONSTRAINT; Schema: public; Owner: banister_user
--

ALTER TABLE ONLY public.django_celery_beat_periodictasks
    ADD CONSTRAINT django_celery_beat_periodictasks_pkey PRIMARY KEY (ident);


--
-- Name: django_celery_beat_solarschedule django_celery_beat_solar_event_latitude_longitude_ba64999a_uniq; Type: CONSTRAINT; Schema: public; Owner: banister_user
--

ALTER TABLE ONLY public.django_celery_beat_solarschedule
    ADD CONSTRAINT django_celery_beat_solar_event_latitude_longitude_ba64999a_uniq UNIQUE (event, latitude, longitude);


--
-- Name: django_celery_beat_solarschedule django_celery_beat_solarschedule_pkey; Type: CONSTRAINT; Schema: public; Owner: banister_user
--

ALTER TABLE ONLY public.django_celery_beat_solarschedule
    ADD CONSTRAINT django_celery_beat_solarschedule_pkey PRIMARY KEY (id);


--
-- Name: django_content_type django_content_type_app_label_model_76bd3d3b_uniq; Type: CONSTRAINT; Schema: public; Owner: banister_user
--

ALTER TABLE ONLY public.django_content_type
    ADD CONSTRAINT django_content_type_app_label_model_76bd3d3b_uniq UNIQUE (app_label, model);


--
-- Name: django_content_type django_content_type_pkey; Type: CONSTRAINT; Schema: public; Owner: banister_user
--

ALTER TABLE ONLY public.django_content_type
    ADD CONSTRAINT django_content_type_pkey PRIMARY KEY (id);


--
-- Name: django_migrations django_migrations_pkey; Type: CONSTRAINT; Schema: public; Owner: banister_user
--

ALTER TABLE ONLY public.django_migrations
    ADD CONSTRAINT django_migrations_pkey PRIMARY KEY (id);


--
-- Name: django_session django_session_pkey; Type: CONSTRAINT; Schema: public; Owner: banister_user
--

ALTER TABLE ONLY public.django_session
    ADD CONSTRAINT django_session_pkey PRIMARY KEY (session_key);


--
-- Name: documents_document documents_document_pkey; Type: CONSTRAINT; Schema: public; Owner: banister_user
--

ALTER TABLE ONLY public.documents_document
    ADD CONSTRAINT documents_document_pkey PRIMARY KEY (id);


--
-- Name: message_chat_participants message_chat_participants_chat_id_user_id_ded68036_uniq; Type: CONSTRAINT; Schema: public; Owner: banister_user
--

ALTER TABLE ONLY public.message_chat_participants
    ADD CONSTRAINT message_chat_participants_chat_id_user_id_ded68036_uniq UNIQUE (chat_id, user_id);


--
-- Name: message_chat_participants message_chat_participants_pkey; Type: CONSTRAINT; Schema: public; Owner: banister_user
--

ALTER TABLE ONLY public.message_chat_participants
    ADD CONSTRAINT message_chat_participants_pkey PRIMARY KEY (id);


--
-- Name: message_chat message_chat_pkey; Type: CONSTRAINT; Schema: public; Owner: banister_user
--

ALTER TABLE ONLY public.message_chat
    ADD CONSTRAINT message_chat_pkey PRIMARY KEY (id);


--
-- Name: message_message message_message_pkey; Type: CONSTRAINT; Schema: public; Owner: banister_user
--

ALTER TABLE ONLY public.message_message
    ADD CONSTRAINT message_message_pkey PRIMARY KEY (id);


--
-- Name: notifications_notification notifications_notification_pkey; Type: CONSTRAINT; Schema: public; Owner: banister_user
--

ALTER TABLE ONLY public.notifications_notification
    ADD CONSTRAINT notifications_notification_pkey PRIMARY KEY (id);


--
-- Name: payments_payment payments_payment_pkey; Type: CONSTRAINT; Schema: public; Owner: banister_user
--

ALTER TABLE ONLY public.payments_payment
    ADD CONSTRAINT payments_payment_pkey PRIMARY KEY (id);


--
-- Name: services_schedule services_schedule_pkey; Type: CONSTRAINT; Schema: public; Owner: banister_user
--

ALTER TABLE ONLY public.services_schedule
    ADD CONSTRAINT services_schedule_pkey PRIMARY KEY (id);


--
-- Name: services_schedule services_schedule_provider_id_service_id_d_664653fb_uniq; Type: CONSTRAINT; Schema: public; Owner: banister_user
--

ALTER TABLE ONLY public.services_schedule
    ADD CONSTRAINT services_schedule_provider_id_service_id_d_664653fb_uniq UNIQUE (provider_id, service_id, day_of_week);


--
-- Name: services_service services_service_pkey; Type: CONSTRAINT; Schema: public; Owner: banister_user
--

ALTER TABLE ONLY public.services_service
    ADD CONSTRAINT services_service_pkey PRIMARY KEY (id);


--
-- Name: users_groups users_groups_pkey; Type: CONSTRAINT; Schema: public; Owner: banister_user
--

ALTER TABLE ONLY public.users_groups
    ADD CONSTRAINT users_groups_pkey PRIMARY KEY (id);


--
-- Name: users_groups users_groups_user_id_group_id_fc7788e8_uniq; Type: CONSTRAINT; Schema: public; Owner: banister_user
--

ALTER TABLE ONLY public.users_groups
    ADD CONSTRAINT users_groups_user_id_group_id_fc7788e8_uniq UNIQUE (user_id, group_id);


--
-- Name: users users_pkey; Type: CONSTRAINT; Schema: public; Owner: banister_user
--

ALTER TABLE ONLY public.users
    ADD CONSTRAINT users_pkey PRIMARY KEY (id);


--
-- Name: users_user_permissions users_user_permissions_pkey; Type: CONSTRAINT; Schema: public; Owner: banister_user
--

ALTER TABLE ONLY public.users_user_permissions
    ADD CONSTRAINT users_user_permissions_pkey PRIMARY KEY (id);


--
-- Name: users_user_permissions users_user_permissions_user_id_permission_id_3b86cbdf_uniq; Type: CONSTRAINT; Schema: public; Owner: banister_user
--

ALTER TABLE ONLY public.users_user_permissions
    ADD CONSTRAINT users_user_permissions_user_id_permission_id_3b86cbdf_uniq UNIQUE (user_id, permission_id);


--
-- Name: users users_username_key; Type: CONSTRAINT; Schema: public; Owner: banister_user
--

ALTER TABLE ONLY public.users
    ADD CONSTRAINT users_username_key UNIQUE (username);


--
-- Name: withdrawals_withdrawal withdrawals_withdrawal_pkey; Type: CONSTRAINT; Schema: public; Owner: banister_user
--

ALTER TABLE ONLY public.withdrawals_withdrawal
    ADD CONSTRAINT withdrawals_withdrawal_pkey PRIMARY KEY (id);


--
-- Name: auth_group_name_a6ea08ec_like; Type: INDEX; Schema: public; Owner: banister_user
--

CREATE INDEX auth_group_name_a6ea08ec_like ON public.auth_group USING btree (name varchar_pattern_ops);


--
-- Name: auth_group_permissions_group_id_b120cbf9; Type: INDEX; Schema: public; Owner: banister_user
--

CREATE INDEX auth_group_permissions_group_id_b120cbf9 ON public.auth_group_permissions USING btree (group_id);


--
-- Name: auth_group_permissions_permission_id_84c5c92e; Type: INDEX; Schema: public; Owner: banister_user
--

CREATE INDEX auth_group_permissions_permission_id_84c5c92e ON public.auth_group_permissions USING btree (permission_id);


--
-- Name: auth_permission_content_type_id_2f476e4b; Type: INDEX; Schema: public; Owner: banister_user
--

CREATE INDEX auth_permission_content_type_id_2f476e4b ON public.auth_permission USING btree (content_type_id);


--
-- Name: authentication_adminpermission_admin_user_id_5ed56a25; Type: INDEX; Schema: public; Owner: banister_user
--

CREATE INDEX authentication_adminpermission_admin_user_id_5ed56a25 ON public.authentication_adminpermission USING btree (admin_user_id);


--
-- Name: bookings_booking_customer_id_6b4bdaa9; Type: INDEX; Schema: public; Owner: banister_user
--

CREATE INDEX bookings_booking_customer_id_6b4bdaa9 ON public.bookings_booking USING btree (customer_id);


--
-- Name: bookings_booking_provider_id_dd0437f1; Type: INDEX; Schema: public; Owner: banister_user
--

CREATE INDEX bookings_booking_provider_id_dd0437f1 ON public.bookings_booking USING btree (provider_id);


--
-- Name: bookings_booking_service_id_8d3eedd5; Type: INDEX; Schema: public; Owner: banister_user
--

CREATE INDEX bookings_booking_service_id_8d3eedd5 ON public.bookings_booking USING btree (service_id);


--
-- Name: dashboard_issue_assigned_to_id_4f42fa8d; Type: INDEX; Schema: public; Owner: banister_user
--

CREATE INDEX dashboard_issue_assigned_to_id_4f42fa8d ON public.dashboard_issue USING btree (assigned_to_id);


--
-- Name: dashboard_issue_reported_by_id_b9376358; Type: INDEX; Schema: public; Owner: banister_user
--

CREATE INDEX dashboard_issue_reported_by_id_b9376358 ON public.dashboard_issue USING btree (reported_by_id);


--
-- Name: django_admin_log_content_type_id_c4bce8eb; Type: INDEX; Schema: public; Owner: banister_user
--

CREATE INDEX django_admin_log_content_type_id_c4bce8eb ON public.django_admin_log USING btree (content_type_id);


--
-- Name: django_admin_log_user_id_c564eba6; Type: INDEX; Schema: public; Owner: banister_user
--

CREATE INDEX django_admin_log_user_id_c564eba6 ON public.django_admin_log USING btree (user_id);


--
-- Name: django_celery_beat_periodictask_clocked_id_47a69f82; Type: INDEX; Schema: public; Owner: banister_user
--

CREATE INDEX django_celery_beat_periodictask_clocked_id_47a69f82 ON public.django_celery_beat_periodictask USING btree (clocked_id);


--
-- Name: django_celery_beat_periodictask_crontab_id_d3cba168; Type: INDEX; Schema: public; Owner: banister_user
--

CREATE INDEX django_celery_beat_periodictask_crontab_id_d3cba168 ON public.django_celery_beat_periodictask USING btree (crontab_id);


--
-- Name: django_celery_beat_periodictask_interval_id_a8ca27da; Type: INDEX; Schema: public; Owner: banister_user
--

CREATE INDEX django_celery_beat_periodictask_interval_id_a8ca27da ON public.django_celery_beat_periodictask USING btree (interval_id);


--
-- Name: django_celery_beat_periodictask_name_265a36b7_like; Type: INDEX; Schema: public; Owner: banister_user
--

CREATE INDEX django_celery_beat_periodictask_name_265a36b7_like ON public.django_celery_beat_periodictask USING btree (name varchar_pattern_ops);


--
-- Name: django_celery_beat_periodictask_solar_id_a87ce72c; Type: INDEX; Schema: public; Owner: banister_user
--

CREATE INDEX django_celery_beat_periodictask_solar_id_a87ce72c ON public.django_celery_beat_periodictask USING btree (solar_id);


--
-- Name: django_session_expire_date_a5c62663; Type: INDEX; Schema: public; Owner: banister_user
--

CREATE INDEX django_session_expire_date_a5c62663 ON public.django_session USING btree (expire_date);


--
-- Name: django_session_session_key_c0390e0f_like; Type: INDEX; Schema: public; Owner: banister_user
--

CREATE INDEX django_session_session_key_c0390e0f_like ON public.django_session USING btree (session_key varchar_pattern_ops);


--
-- Name: documents_document_uploaded_by_id_cc1ba81a; Type: INDEX; Schema: public; Owner: banister_user
--

CREATE INDEX documents_document_uploaded_by_id_cc1ba81a ON public.documents_document USING btree (uploaded_by_id);


--
-- Name: message_chat_participants_chat_id_a4e07804; Type: INDEX; Schema: public; Owner: banister_user
--

CREATE INDEX message_chat_participants_chat_id_a4e07804 ON public.message_chat_participants USING btree (chat_id);


--
-- Name: message_chat_participants_user_id_b15c7ba6; Type: INDEX; Schema: public; Owner: banister_user
--

CREATE INDEX message_chat_participants_user_id_b15c7ba6 ON public.message_chat_participants USING btree (user_id);


--
-- Name: message_message_chat_id_e5c86e2c; Type: INDEX; Schema: public; Owner: banister_user
--

CREATE INDEX message_message_chat_id_e5c86e2c ON public.message_message USING btree (chat_id);


--
-- Name: message_message_sender_id_b8690ab2; Type: INDEX; Schema: public; Owner: banister_user
--

CREATE INDEX message_message_sender_id_b8690ab2 ON public.message_message USING btree (sender_id);


--
-- Name: notifications_notification_user_id_b5e8c0ff; Type: INDEX; Schema: public; Owner: banister_user
--

CREATE INDEX notifications_notification_user_id_b5e8c0ff ON public.notifications_notification USING btree (user_id);


--
-- Name: payments_payment_booking_id_2a46974b; Type: INDEX; Schema: public; Owner: banister_user
--

CREATE INDEX payments_payment_booking_id_2a46974b ON public.payments_payment USING btree (booking_id);


--
-- Name: payments_payment_customer_id_8b4d6141; Type: INDEX; Schema: public; Owner: banister_user
--

CREATE INDEX payments_payment_customer_id_8b4d6141 ON public.payments_payment USING btree (customer_id);


--
-- Name: payments_payment_provider_id_b15a014f; Type: INDEX; Schema: public; Owner: banister_user
--

CREATE INDEX payments_payment_provider_id_b15a014f ON public.payments_payment USING btree (provider_id);


--
-- Name: services_schedule_provider_id_7c10909a; Type: INDEX; Schema: public; Owner: banister_user
--

CREATE INDEX services_schedule_provider_id_7c10909a ON public.services_schedule USING btree (provider_id);


--
-- Name: services_schedule_service_id_f9cf7939; Type: INDEX; Schema: public; Owner: banister_user
--

CREATE INDEX services_schedule_service_id_f9cf7939 ON public.services_schedule USING btree (service_id);


--
-- Name: services_service_provider_id_04163c24; Type: INDEX; Schema: public; Owner: banister_user
--

CREATE INDEX services_service_provider_id_04163c24 ON public.services_service USING btree (provider_id);


--
-- Name: users_groups_group_id_2f3517aa; Type: INDEX; Schema: public; Owner: banister_user
--

CREATE INDEX users_groups_group_id_2f3517aa ON public.users_groups USING btree (group_id);


--
-- Name: users_groups_user_id_f500bee5; Type: INDEX; Schema: public; Owner: banister_user
--

CREATE INDEX users_groups_user_id_f500bee5 ON public.users_groups USING btree (user_id);


--
-- Name: users_user_permissions_permission_id_6d08dcd2; Type: INDEX; Schema: public; Owner: banister_user
--

CREATE INDEX users_user_permissions_permission_id_6d08dcd2 ON public.users_user_permissions USING btree (permission_id);


--
-- Name: users_user_permissions_user_id_92473840; Type: INDEX; Schema: public; Owner: banister_user
--

CREATE INDEX users_user_permissions_user_id_92473840 ON public.users_user_permissions USING btree (user_id);


--
-- Name: users_username_e8658fc8_like; Type: INDEX; Schema: public; Owner: banister_user
--

CREATE INDEX users_username_e8658fc8_like ON public.users USING btree (username varchar_pattern_ops);


--
-- Name: withdrawals_withdrawal_user_id_97c47694; Type: INDEX; Schema: public; Owner: banister_user
--

CREATE INDEX withdrawals_withdrawal_user_id_97c47694 ON public.withdrawals_withdrawal USING btree (user_id);


--
-- Name: auth_group_permissions auth_group_permissio_permission_id_84c5c92e_fk_auth_perm; Type: FK CONSTRAINT; Schema: public; Owner: banister_user
--

ALTER TABLE ONLY public.auth_group_permissions
    ADD CONSTRAINT auth_group_permissio_permission_id_84c5c92e_fk_auth_perm FOREIGN KEY (permission_id) REFERENCES public.auth_permission(id) DEFERRABLE INITIALLY DEFERRED;


--
-- Name: auth_group_permissions auth_group_permissions_group_id_b120cbf9_fk_auth_group_id; Type: FK CONSTRAINT; Schema: public; Owner: banister_user
--

ALTER TABLE ONLY public.auth_group_permissions
    ADD CONSTRAINT auth_group_permissions_group_id_b120cbf9_fk_auth_group_id FOREIGN KEY (group_id) REFERENCES public.auth_group(id) DEFERRABLE INITIALLY DEFERRED;


--
-- Name: auth_permission auth_permission_content_type_id_2f476e4b_fk_django_co; Type: FK CONSTRAINT; Schema: public; Owner: banister_user
--

ALTER TABLE ONLY public.auth_permission
    ADD CONSTRAINT auth_permission_content_type_id_2f476e4b_fk_django_co FOREIGN KEY (content_type_id) REFERENCES public.django_content_type(id) DEFERRABLE INITIALLY DEFERRED;


--
-- Name: authentication_adminpermission authentication_admin_admin_user_id_5ed56a25_fk_users_id; Type: FK CONSTRAINT; Schema: public; Owner: banister_user
--

ALTER TABLE ONLY public.authentication_adminpermission
    ADD CONSTRAINT authentication_admin_admin_user_id_5ed56a25_fk_users_id FOREIGN KEY (admin_user_id) REFERENCES public.users(id) DEFERRABLE INITIALLY DEFERRED;


--
-- Name: bookings_booking bookings_booking_customer_id_6b4bdaa9_fk_users_id; Type: FK CONSTRAINT; Schema: public; Owner: banister_user
--

ALTER TABLE ONLY public.bookings_booking
    ADD CONSTRAINT bookings_booking_customer_id_6b4bdaa9_fk_users_id FOREIGN KEY (customer_id) REFERENCES public.users(id) DEFERRABLE INITIALLY DEFERRED;


--
-- Name: bookings_booking bookings_booking_provider_id_dd0437f1_fk_users_id; Type: FK CONSTRAINT; Schema: public; Owner: banister_user
--

ALTER TABLE ONLY public.bookings_booking
    ADD CONSTRAINT bookings_booking_provider_id_dd0437f1_fk_users_id FOREIGN KEY (provider_id) REFERENCES public.users(id) DEFERRABLE INITIALLY DEFERRED;


--
-- Name: bookings_booking bookings_booking_service_id_8d3eedd5_fk_services_service_id; Type: FK CONSTRAINT; Schema: public; Owner: banister_user
--

ALTER TABLE ONLY public.bookings_booking
    ADD CONSTRAINT bookings_booking_service_id_8d3eedd5_fk_services_service_id FOREIGN KEY (service_id) REFERENCES public.services_service(id) DEFERRABLE INITIALLY DEFERRED;


--
-- Name: dashboard_customerdashboard dashboard_customerdashboard_user_id_8639a20e_fk_users_id; Type: FK CONSTRAINT; Schema: public; Owner: banister_user
--

ALTER TABLE ONLY public.dashboard_customerdashboard
    ADD CONSTRAINT dashboard_customerdashboard_user_id_8639a20e_fk_users_id FOREIGN KEY (user_id) REFERENCES public.users(id) DEFERRABLE INITIALLY DEFERRED;


--
-- Name: dashboard_issue dashboard_issue_assigned_to_id_4f42fa8d_fk_users_id; Type: FK CONSTRAINT; Schema: public; Owner: banister_user
--

ALTER TABLE ONLY public.dashboard_issue
    ADD CONSTRAINT dashboard_issue_assigned_to_id_4f42fa8d_fk_users_id FOREIGN KEY (assigned_to_id) REFERENCES public.users(id) DEFERRABLE INITIALLY DEFERRED;


--
-- Name: dashboard_issue dashboard_issue_reported_by_id_b9376358_fk_users_id; Type: FK CONSTRAINT; Schema: public; Owner: banister_user
--

ALTER TABLE ONLY public.dashboard_issue
    ADD CONSTRAINT dashboard_issue_reported_by_id_b9376358_fk_users_id FOREIGN KEY (reported_by_id) REFERENCES public.users(id) DEFERRABLE INITIALLY DEFERRED;


--
-- Name: dashboard_managementdashboard dashboard_managementdashboard_user_id_2ce99f9b_fk_users_id; Type: FK CONSTRAINT; Schema: public; Owner: banister_user
--

ALTER TABLE ONLY public.dashboard_managementdashboard
    ADD CONSTRAINT dashboard_managementdashboard_user_id_2ce99f9b_fk_users_id FOREIGN KEY (user_id) REFERENCES public.users(id) DEFERRABLE INITIALLY DEFERRED;


--
-- Name: dashboard_providerdashboard dashboard_providerdashboard_user_id_911bbb6d_fk_users_id; Type: FK CONSTRAINT; Schema: public; Owner: banister_user
--

ALTER TABLE ONLY public.dashboard_providerdashboard
    ADD CONSTRAINT dashboard_providerdashboard_user_id_911bbb6d_fk_users_id FOREIGN KEY (user_id) REFERENCES public.users(id) DEFERRABLE INITIALLY DEFERRED;


--
-- Name: django_admin_log django_admin_log_content_type_id_c4bce8eb_fk_django_co; Type: FK CONSTRAINT; Schema: public; Owner: banister_user
--

ALTER TABLE ONLY public.django_admin_log
    ADD CONSTRAINT django_admin_log_content_type_id_c4bce8eb_fk_django_co FOREIGN KEY (content_type_id) REFERENCES public.django_content_type(id) DEFERRABLE INITIALLY DEFERRED;


--
-- Name: django_admin_log django_admin_log_user_id_c564eba6_fk_users_id; Type: FK CONSTRAINT; Schema: public; Owner: banister_user
--

ALTER TABLE ONLY public.django_admin_log
    ADD CONSTRAINT django_admin_log_user_id_c564eba6_fk_users_id FOREIGN KEY (user_id) REFERENCES public.users(id) DEFERRABLE INITIALLY DEFERRED;


--
-- Name: django_celery_beat_periodictask django_celery_beat_p_clocked_id_47a69f82_fk_django_ce; Type: FK CONSTRAINT; Schema: public; Owner: banister_user
--

ALTER TABLE ONLY public.django_celery_beat_periodictask
    ADD CONSTRAINT django_celery_beat_p_clocked_id_47a69f82_fk_django_ce FOREIGN KEY (clocked_id) REFERENCES public.django_celery_beat_clockedschedule(id) DEFERRABLE INITIALLY DEFERRED;


--
-- Name: django_celery_beat_periodictask django_celery_beat_p_crontab_id_d3cba168_fk_django_ce; Type: FK CONSTRAINT; Schema: public; Owner: banister_user
--

ALTER TABLE ONLY public.django_celery_beat_periodictask
    ADD CONSTRAINT django_celery_beat_p_crontab_id_d3cba168_fk_django_ce FOREIGN KEY (crontab_id) REFERENCES public.django_celery_beat_crontabschedule(id) DEFERRABLE INITIALLY DEFERRED;


--
-- Name: django_celery_beat_periodictask django_celery_beat_p_interval_id_a8ca27da_fk_django_ce; Type: FK CONSTRAINT; Schema: public; Owner: banister_user
--

ALTER TABLE ONLY public.django_celery_beat_periodictask
    ADD CONSTRAINT django_celery_beat_p_interval_id_a8ca27da_fk_django_ce FOREIGN KEY (interval_id) REFERENCES public.django_celery_beat_intervalschedule(id) DEFERRABLE INITIALLY DEFERRED;


--
-- Name: django_celery_beat_periodictask django_celery_beat_p_solar_id_a87ce72c_fk_django_ce; Type: FK CONSTRAINT; Schema: public; Owner: banister_user
--

ALTER TABLE ONLY public.django_celery_beat_periodictask
    ADD CONSTRAINT django_celery_beat_p_solar_id_a87ce72c_fk_django_ce FOREIGN KEY (solar_id) REFERENCES public.django_celery_beat_solarschedule(id) DEFERRABLE INITIALLY DEFERRED;


--
-- Name: documents_document documents_document_uploaded_by_id_cc1ba81a_fk_users_id; Type: FK CONSTRAINT; Schema: public; Owner: banister_user
--

ALTER TABLE ONLY public.documents_document
    ADD CONSTRAINT documents_document_uploaded_by_id_cc1ba81a_fk_users_id FOREIGN KEY (uploaded_by_id) REFERENCES public.users(id) DEFERRABLE INITIALLY DEFERRED;


--
-- Name: message_chat_participants message_chat_participants_chat_id_a4e07804_fk_message_chat_id; Type: FK CONSTRAINT; Schema: public; Owner: banister_user
--

ALTER TABLE ONLY public.message_chat_participants
    ADD CONSTRAINT message_chat_participants_chat_id_a4e07804_fk_message_chat_id FOREIGN KEY (chat_id) REFERENCES public.message_chat(id) DEFERRABLE INITIALLY DEFERRED;


--
-- Name: message_chat_participants message_chat_participants_user_id_b15c7ba6_fk_users_id; Type: FK CONSTRAINT; Schema: public; Owner: banister_user
--

ALTER TABLE ONLY public.message_chat_participants
    ADD CONSTRAINT message_chat_participants_user_id_b15c7ba6_fk_users_id FOREIGN KEY (user_id) REFERENCES public.users(id) DEFERRABLE INITIALLY DEFERRED;


--
-- Name: message_message message_message_chat_id_e5c86e2c_fk_message_chat_id; Type: FK CONSTRAINT; Schema: public; Owner: banister_user
--

ALTER TABLE ONLY public.message_message
    ADD CONSTRAINT message_message_chat_id_e5c86e2c_fk_message_chat_id FOREIGN KEY (chat_id) REFERENCES public.message_chat(id) DEFERRABLE INITIALLY DEFERRED;


--
-- Name: message_message message_message_sender_id_b8690ab2_fk_users_id; Type: FK CONSTRAINT; Schema: public; Owner: banister_user
--

ALTER TABLE ONLY public.message_message
    ADD CONSTRAINT message_message_sender_id_b8690ab2_fk_users_id FOREIGN KEY (sender_id) REFERENCES public.users(id) DEFERRABLE INITIALLY DEFERRED;


--
-- Name: notifications_notification notifications_notification_user_id_b5e8c0ff_fk_users_id; Type: FK CONSTRAINT; Schema: public; Owner: banister_user
--

ALTER TABLE ONLY public.notifications_notification
    ADD CONSTRAINT notifications_notification_user_id_b5e8c0ff_fk_users_id FOREIGN KEY (user_id) REFERENCES public.users(id) DEFERRABLE INITIALLY DEFERRED;


--
-- Name: payments_payment payments_payment_booking_id_2a46974b_fk_bookings_booking_id; Type: FK CONSTRAINT; Schema: public; Owner: banister_user
--

ALTER TABLE ONLY public.payments_payment
    ADD CONSTRAINT payments_payment_booking_id_2a46974b_fk_bookings_booking_id FOREIGN KEY (booking_id) REFERENCES public.bookings_booking(id) DEFERRABLE INITIALLY DEFERRED;


--
-- Name: payments_payment payments_payment_customer_id_8b4d6141_fk_users_id; Type: FK CONSTRAINT; Schema: public; Owner: banister_user
--

ALTER TABLE ONLY public.payments_payment
    ADD CONSTRAINT payments_payment_customer_id_8b4d6141_fk_users_id FOREIGN KEY (customer_id) REFERENCES public.users(id) DEFERRABLE INITIALLY DEFERRED;


--
-- Name: payments_payment payments_payment_provider_id_b15a014f_fk_users_id; Type: FK CONSTRAINT; Schema: public; Owner: banister_user
--

ALTER TABLE ONLY public.payments_payment
    ADD CONSTRAINT payments_payment_provider_id_b15a014f_fk_users_id FOREIGN KEY (provider_id) REFERENCES public.users(id) DEFERRABLE INITIALLY DEFERRED;


--
-- Name: services_schedule services_schedule_provider_id_7c10909a_fk_users_id; Type: FK CONSTRAINT; Schema: public; Owner: banister_user
--

ALTER TABLE ONLY public.services_schedule
    ADD CONSTRAINT services_schedule_provider_id_7c10909a_fk_users_id FOREIGN KEY (provider_id) REFERENCES public.users(id) DEFERRABLE INITIALLY DEFERRED;


--
-- Name: services_schedule services_schedule_service_id_f9cf7939_fk_services_service_id; Type: FK CONSTRAINT; Schema: public; Owner: banister_user
--

ALTER TABLE ONLY public.services_schedule
    ADD CONSTRAINT services_schedule_service_id_f9cf7939_fk_services_service_id FOREIGN KEY (service_id) REFERENCES public.services_service(id) DEFERRABLE INITIALLY DEFERRED;


--
-- Name: services_service services_service_provider_id_04163c24_fk_users_id; Type: FK CONSTRAINT; Schema: public; Owner: banister_user
--

ALTER TABLE ONLY public.services_service
    ADD CONSTRAINT services_service_provider_id_04163c24_fk_users_id FOREIGN KEY (provider_id) REFERENCES public.users(id) DEFERRABLE INITIALLY DEFERRED;


--
-- Name: users_groups users_groups_group_id_2f3517aa_fk_auth_group_id; Type: FK CONSTRAINT; Schema: public; Owner: banister_user
--

ALTER TABLE ONLY public.users_groups
    ADD CONSTRAINT users_groups_group_id_2f3517aa_fk_auth_group_id FOREIGN KEY (group_id) REFERENCES public.auth_group(id) DEFERRABLE INITIALLY DEFERRED;


--
-- Name: users_groups users_groups_user_id_f500bee5_fk_users_id; Type: FK CONSTRAINT; Schema: public; Owner: banister_user
--

ALTER TABLE ONLY public.users_groups
    ADD CONSTRAINT users_groups_user_id_f500bee5_fk_users_id FOREIGN KEY (user_id) REFERENCES public.users(id) DEFERRABLE INITIALLY DEFERRED;


--
-- Name: users_user_permissions users_user_permissio_permission_id_6d08dcd2_fk_auth_perm; Type: FK CONSTRAINT; Schema: public; Owner: banister_user
--

ALTER TABLE ONLY public.users_user_permissions
    ADD CONSTRAINT users_user_permissio_permission_id_6d08dcd2_fk_auth_perm FOREIGN KEY (permission_id) REFERENCES public.auth_permission(id) DEFERRABLE INITIALLY DEFERRED;


--
-- Name: users_user_permissions users_user_permissions_user_id_92473840_fk_users_id; Type: FK CONSTRAINT; Schema: public; Owner: banister_user
--

ALTER TABLE ONLY public.users_user_permissions
    ADD CONSTRAINT users_user_permissions_user_id_92473840_fk_users_id FOREIGN KEY (user_id) REFERENCES public.users(id) DEFERRABLE INITIALLY DEFERRED;


--
-- Name: withdrawals_withdrawal withdrawals_withdrawal_user_id_97c47694_fk_users_id; Type: FK CONSTRAINT; Schema: public; Owner: banister_user
--

ALTER TABLE ONLY public.withdrawals_withdrawal
    ADD CONSTRAINT withdrawals_withdrawal_user_id_97c47694_fk_users_id FOREIGN KEY (user_id) REFERENCES public.users(id) DEFERRABLE INITIALLY DEFERRED;


--
-- PostgreSQL database dump complete
--

